Disaster_ID,Date,Year,Quarter,Month_Num,Month,Country,City,Latitude,Longitude,Disaster_Type,Severity,Severity_Rank,Magnitude,Deaths,Injured,Casualties_Total,Affected_Population,Recovery_Days,Economic_Damage_USD_M,Relief_Funds_USD_M,Funding_Gap_USD_M,Relief_Coverage_Rate,Flag_Implausible_Location,Flag_Coverage_Outlier
9323,2010-01-06,2010,Q1,1,January,India,Chennai,13.08,80.27,Heatwave,Low,1,9.7,7344,8459,15803,5676867,566,44498.0,58.6,44439.4,0.001317,No,No
4168,2010-01-14,2010,Q1,1,January,India,Mumbai,19.07,72.87,Cyclone,Moderate,2,5.3,7004,3129,10133,7577941,255,19527.0,18.1,19508.9,0.000927,No,No
6642,2010-01-14,2010,Q1,1,January,India,Kolkata,22.57,88.36,Heatwave,Moderate,2,2.1,6472,29235,35707,5981573,679,40093.0,96.1,39996.9,0.002397,No,No
5370,2010-01-26,2010,Q1,1,January,India,Delhi,28.61,77.21,Earthquake,Extreme,4,7.7,3487,37682,41169,6488726,629,4798.0,68.4,4729.6,0.014256,No,No
2248,2010-01-30,2010,Q1,1,January,India,Mumbai,19.07,72.87,Flood,High,3,8.4,719,37345,38064,8668053,146,17550.0,70.2,17479.8,0.004,No,No
2065,2010-01-31,2010,Q1,1,January,India,Chennai,13.08,80.27,Tsunami,Moderate,2,4.6,4997,33754,38751,3349761,718,26010.0,52.5,25957.5,0.002018,No,No
6735,2010-02-06,2010,Q1,2,February,India,Kolkata,22.57,88.36,Landslide,Low,1,9.0,2311,4334,6645,1659361,363,19802.0,15.3,19786.7,0.000773,No,No
3289,2010-02-12,2010,Q1,2,February,India,Kolkata,22.57,88.36,Drought,Low,1,2.8,4242,744,4986,8590534,159,12456.0,48.7,12407.3,0.00391,No,No
6087,2010-02-13,2010,Q1,2,February,India,Delhi,28.61,77.21,Tsunami,Moderate,2,5.3,477,2790,3267,2510834,12,43081.0,24.7,43056.3,0.000573,Yes,No
7934,2010-02-16,2010,Q1,2,February,India,Delhi,28.61,77.21,Heatwave,High,3,8.3,4457,1341,5798,6493478,456,41880.0,38.0,41842.0,0.000907,No,No
320,2010-03-19,2010,Q1,3,March,India,Delhi,28.61,77.21,Cyclone,Low,1,7.8,2479,9882,12361,8433725,365,48240.0,10.0,48230.0,0.000207,Yes,No
3834,2010-04-01,2010,Q2,4,April,India,Mumbai,19.07,72.87,Landslide,Low,1,6.7,1664,10219,11883,7446724,697,36530.0,44.3,36485.7,0.001213,No,No
9942,2010-05-01,2010,Q2,5,May,India,Kolkata,22.57,88.36,Landslide,Extreme,4,2.8,2430,28723,31153,9778496,187,2130.0,97.1,2032.9,0.045587,No,No
6415,2010-05-04,2010,Q2,5,May,India,Chennai,13.08,80.27,Drought,Moderate,2,7.1,5275,12708,17983,8762220,662,20536.0,29.3,20506.7,0.001427,No,No
6595,2010-06-11,2010,Q2,6,June,India,Delhi,28.61,77.21,Drought,Low,1,7.8,4032,7770,11802,4066489,171,8116.0,67.9,8048.1,0.008366,No,No
4013,2010-06-24,2010,Q2,6,June,India,Mumbai,19.07,72.87,Flood,High,3,9.0,7967,9766,17733,1840585,317,13504.0,28.2,13475.8,0.002088,No,No
1841,2010-06-28,2010,Q2,6,June,India,Delhi,28.61,77.21,Heatwave,High,3,4.0,1976,11728,13704,8204798,200,9120.0,80.0,9040.0,0.008772,No,No
7470,2010-07-16,2010,Q3,7,July,India,Delhi,28.61,77.21,Tsunami,High,3,7.3,4691,21545,26236,9050258,404,44737.0,16.5,44720.5,0.000369,Yes,No
6558,2010-08-01,2010,Q3,8,August,India,Mumbai,19.07,72.87,Earthquake,Moderate,2,7.5,5476,13376,18852,4174788,710,37069.0,99.0,36970.0,0.002671,No,No
8863,2010-08-21,2010,Q3,8,August,India,Mumbai,19.07,72.87,Flood,Moderate,2,3.5,6784,2410,9194,3310359,485,17894.0,14.7,17879.3,0.000822,No,No
469,2010-08-27,2010,Q3,8,August,India,Kolkata,22.57,88.36,Drought,Low,1,2.6,38,11351,11389,1440156,259,45610.0,0.5,45609.5,1.1e-05,No,No
1398,2010-09-05,2010,Q3,9,September,India,Delhi,28.61,77.21,Landslide,Moderate,2,5.2,1167,7602,8769,1702689,667,12044.0,59.1,11984.9,0.004907,No,No
5977,2010-09-15,2010,Q3,9,September,India,Kolkata,22.57,88.36,Heatwave,High,3,4.1,7580,33346,40926,9273675,353,9896.0,60.1,9835.9,0.006073,No,No
9163,2010-09-16,2010,Q3,9,September,India,Chennai,13.08,80.27,Tsunami,Extreme,4,7.1,869,38215,39084,8292563,207,42316.0,31.1,42284.9,0.000735,No,No
5356,2010-09-19,2010,Q3,9,September,India,Chennai,13.08,80.27,Earthquake,High,3,7.1,3444,13552,16996,4361409,624,18909.0,36.6,18872.4,0.001936,No,No
9473,2010-09-19,2010,Q3,9,September,India,Chennai,13.08,80.27,Heatwave,Moderate,2,1.5,3534,33168,36702,4281091,178,44868.0,27.3,44840.7,0.000608,No,No
4067,2010-09-24,2010,Q3,9,September,India,Chennai,13.08,80.27,Flood,Low,1,7.0,7798,2196,9994,1727396,158,43533.0,3.3,43529.7,7.6e-05,No,No
6380,2010-09-27,2010,Q3,9,September,India,Chennai,13.08,80.27,Wildfire,High,3,5.1,2464,30657,33121,2721965,645,5955.0,74.4,5880.6,0.012494,No,No
9694,2010-09-30,2010,Q3,9,September,India,Delhi,28.61,77.21,Drought,Moderate,2,4.4,1935,18211,20146,7507585,147,27384.0,80.1,27303.9,0.002925,No,No
3082,2010-10-01,2010,Q4,10,October,India,Chennai,13.08,80.27,Landslide,Low,1,3.9,3047,26683,29730,5810033,380,17732.0,67.1,17664.9,0.003784,No,No
5259,2010-11-05,2010,Q4,11,November,India,Kolkata,22.57,88.36,Landslide,High,3,6.3,7461,34539,42000,5172691,375,3104.0,80.9,3023.1,0.026063,No,No
5836,2010-12-07,2010,Q4,12,December,India,Chennai,13.08,80.27,Wildfire,Extreme,4,9.4,1045,8688,9733,7000668,570,11205.0,63.0,11142.0,0.005622,No,No
7922,2010-12-15,2010,Q4,12,December,India,Delhi,28.61,77.21,Heatwave,Moderate,2,8.2,5812,21773,27585,5569403,27,37312.0,8.0,37304.0,0.000214,No,No
2507,2010-12-16,2010,Q4,12,December,India,Chennai,13.08,80.27,Drought,Extreme,4,9.6,6953,26878,33831,8541609,548,7621.0,26.7,7594.3,0.003503,No,No
260,2010-12-18,2010,Q4,12,December,India,Delhi,28.61,77.21,Drought,High,3,1.3,4793,39805,44598,795347,702,16025.0,11.4,16013.6,0.000711,No,No
4987,2010-12-27,2010,Q4,12,December,India,Mumbai,19.07,72.87,Earthquake,High,3,8.6,1201,39603,40804,7688651,273,34038.0,24.1,34013.9,0.000708,No,No
7820,2011-01-23,2011,Q1,1,January,India,Kolkata,22.57,88.36,Cyclone,Extreme,4,1.1,1641,33130,34771,9056560,40,19290.0,70.4,19219.6,0.00365,No,No
2093,2011-01-25,2011,Q1,1,January,India,Mumbai,19.07,72.87,Flood,Low,1,8.9,3919,38054,41973,2568748,14,3887.0,67.5,3819.5,0.017366,No,No
2367,2011-01-29,2011,Q1,1,January,India,Chennai,13.08,80.27,Wildfire,Moderate,2,9.6,1064,23659,24723,1437938,708,3310.0,53.3,3256.7,0.016103,No,No
5720,2011-01-31,2011,Q1,1,January,India,Mumbai,19.07,72.87,Tsunami,Low,1,8.9,1764,600,2364,2226792,621,42850.0,63.3,42786.7,0.001477,No,No
8364,2011-02-10,2011,Q1,2,February,India,Chennai,13.08,80.27,Drought,Moderate,2,3.0,4077,16623,20700,2050841,690,938.0,23.1,914.9,0.024627,No,No
1165,2011-03-25,2011,Q1,3,March,India,Mumbai,19.07,72.87,Drought,Low,1,6.9,2007,5180,7187,4797741,597,37308.0,27.9,37280.1,0.000748,No,No
7281,2011-03-26,2011,Q1,3,March,India,Chennai,13.08,80.27,Earthquake,Low,1,9.3,3815,11565,15380,2721942,727,39237.0,62.4,39174.6,0.00159,No,No
5275,2011-04-10,2011,Q2,4,April,India,Kolkata,22.57,88.36,Flood,Low,1,1.6,2051,8731,10782,3651796,718,24383.0,41.8,24341.2,0.001714,No,No
5077,2011-05-07,2011,Q2,5,May,India,Kolkata,22.57,88.36,Wildfire,High,3,8.4,3872,30016,33888,8101438,619,31404.0,89.4,31314.6,0.002847,No,No
1215,2011-05-13,2011,Q2,5,May,India,Chennai,13.08,80.27,Earthquake,Low,1,7.7,7024,13558,20582,6286762,358,49772.0,8.1,49763.9,0.000163,No,No
8567,2011-05-21,2011,Q2,5,May,India,Mumbai,19.07,72.87,Cyclone,High,3,2.6,6301,12367,18668,8683224,105,45606.0,24.4,45581.6,0.000535,No,No
9579,2011-05-24,2011,Q2,5,May,India,Chennai,13.08,80.27,Wildfire,Low,1,1.6,2836,10667,13503,7838980,202,270.0,46.7,223.3,0.172963,No,Yes
2919,2011-06-04,2011,Q2,6,June,India,Mumbai,19.07,72.87,Heatwave,Moderate,2,7.4,2704,16710,19414,3244163,163,22951.0,61.1,22889.9,0.002662,No,No
858,2011-06-13,2011,Q2,6,June,India,Mumbai,19.07,72.87,Cyclone,High,3,4.9,4172,15583,19755,6286926,175,29878.0,85.9,29792.1,0.002875,No,No
1337,2011-06-15,2011,Q2,6,June,India,Chennai,13.08,80.27,Heatwave,High,3,8.6,3537,12578,16115,8875486,450,33057.0,15.6,33041.4,0.000472,No,No
315,2011-06-21,2011,Q2,6,June,India,Delhi,28.61,77.21,Flood,High,3,4.4,7484,26335,33819,5884505,238,3936.0,57.8,3878.2,0.014685,No,No
6134,2011-06-29,2011,Q2,6,June,India,Mumbai,19.07,72.87,Wildfire,Moderate,2,7.9,5381,15261,20642,21287,276,9766.0,77.6,9688.4,0.007946,No,No
3501,2011-07-10,2011,Q3,7,July,India,Mumbai,19.07,72.87,Flood,High,3,3.7,2721,18113,20834,721382,420,19309.0,21.4,19287.6,0.001108,No,No
2447,2011-07-17,2011,Q3,7,July,India,Delhi,28.61,77.21,Drought,High,3,4.2,3868,36530,40398,3953471,80,31024.0,54.9,30969.1,0.00177,No,No
808,2011-07-19,2011,Q3,7,July,India,Chennai,13.08,80.27,Tsunami,Low,1,5.3,2083,29487,31570,2620648,121,16823.0,14.2,16808.8,0.000844,No,No
9257,2011-07-24,2011,Q3,7,July,India,Delhi,28.61,77.21,Earthquake,High,3,7.7,3292,35446,38738,2950754,314,40608.0,99.4,40508.6,0.002448,No,No
8716,2011-07-25,2011,Q3,7,July,India,Mumbai,19.07,72.87,Earthquake,Moderate,2,4.2,5359,19356,24715,458551,304,4845.0,92.5,4752.5,0.019092,No,No
592,2011-07-30,2011,Q3,7,July,India,Mumbai,19.07,72.87,Drought,Low,1,3.1,6781,34125,40906,393024,638,1037.0,91.2,945.8,0.087946,No,Yes
3265,2011-07-31,2011,Q3,7,July,India,Mumbai,19.07,72.87,Flood,Low,1,1.4,4914,174,5088,134701,70,48166.0,70.2,48095.8,0.001457,No,No
5545,2011-08-10,2011,Q3,8,August,India,Delhi,28.61,77.21,Landslide,High,3,4.3,4323,12490,16813,1002478,373,2183.0,82.0,2101.0,0.037563,No,No
2116,2011-08-14,2011,Q3,8,August,India,Delhi,28.61,77.21,Drought,High,3,2.3,4601,31393,35994,3885141,410,49117.0,97.5,49019.5,0.001985,No,No
8793,2011-09-08,2011,Q3,9,September,India,Chennai,13.08,80.27,Flood,Low,1,5.5,3381,15776,19157,6841195,82,30137.0,29.9,30107.1,0.000992,No,No
4374,2011-09-23,2011,Q3,9,September,India,Chennai,13.08,80.27,Wildfire,Moderate,2,1.7,7297,32142,39439,2096310,397,28454.0,55.0,28399.0,0.001933,No,No
5842,2011-10-05,2011,Q4,10,October,India,Delhi,28.61,77.21,Landslide,High,3,8.0,2452,36495,38947,8948828,632,27631.0,34.3,27596.7,0.001241,No,No
675,2011-10-07,2011,Q4,10,October,India,Chennai,13.08,80.27,Drought,High,3,5.8,1936,32661,34597,5012129,555,28947.0,42.0,28905.0,0.001451,No,No
2118,2011-10-10,2011,Q4,10,October,India,Chennai,13.08,80.27,Wildfire,Extreme,4,2.0,1197,10105,11302,8578327,537,30383.0,15.9,30367.1,0.000523,No,No
3081,2011-10-15,2011,Q4,10,October,India,Kolkata,22.57,88.36,Heatwave,Extreme,4,4.9,676,24245,24921,2572285,268,7940.0,89.8,7850.2,0.01131,No,No
3966,2011-10-26,2011,Q4,10,October,India,Delhi,28.61,77.21,Wildfire,Moderate,2,8.4,2339,13960,16299,3250827,503,19467.0,43.2,19423.8,0.002219,No,No
4510,2011-10-26,2011,Q4,10,October,India,Mumbai,19.07,72.87,Wildfire,Low,1,5.4,1607,24267,25874,3064366,519,21601.0,24.9,21576.1,0.001153,No,No
2637,2011-11-05,2011,Q4,11,November,India,Kolkata,22.57,88.36,Tsunami,High,3,9.1,5041,3633,8674,7923096,363,33007.0,32.7,32974.3,0.000991,No,No
529,2011-11-08,2011,Q4,11,November,India,Mumbai,19.07,72.87,Heatwave,Moderate,2,9.4,7431,19273,26704,9841212,442,33271.0,72.2,33198.8,0.00217,No,No
867,2011-11-10,2011,Q4,11,November,India,Mumbai,19.07,72.87,Tsunami,Low,1,4.2,3326,4923,8249,9837887,479,38074.0,22.5,38051.5,0.000591,No,No
3679,2011-11-11,2011,Q4,11,November,India,Delhi,28.61,77.21,Earthquake,Moderate,2,7.7,7934,7698,15632,2236843,133,17759.0,59.0,17700.0,0.003322,No,No
9465,2011-11-21,2011,Q4,11,November,India,Kolkata,22.57,88.36,Earthquake,Moderate,2,5.2,6711,2867,9578,3853487,85,30730.0,98.3,30631.7,0.003199,No,No
5539,2011-11-22,2011,Q4,11,November,India,Chennai,13.08,80.27,Tsunami,Extreme,4,7.0,4221,3271,7492,472021,114,23269.0,35.2,23233.8,0.001513,No,No
6938,2011-11-27,2011,Q4,11,November,India,Kolkata,22.57,88.36,Wildfire,Low,1,2.9,82,4860,4942,6384022,67,18149.0,25.3,18123.7,0.001394,No,No
1655,2011-12-31,2011,Q4,12,December,India,Kolkata,22.57,88.36,Drought,High,3,3.1,5123,10651,15774,2783348,124,31759.0,12.9,31746.1,0.000406,No,No
9009,2012-01-12,2012,Q1,1,January,India,Mumbai,19.07,72.87,Drought,Low,1,9.5,2422,30935,33357,17905,566,8422.0,24.3,8397.7,0.002885,No,No
1422,2012-01-22,2012,Q1,1,January,India,Mumbai,19.07,72.87,Tsunami,Moderate,2,5.4,5753,36456,42209,7204395,279,40420.0,29.3,40390.7,0.000725,No,No
1308,2012-01-28,2012,Q1,1,January,India,Kolkata,22.57,88.36,Landslide,Moderate,2,9.7,4798,38828,43626,7128739,585,36014.0,79.0,35935.0,0.002194,No,No
3360,2012-02-04,2012,Q1,2,February,India,Chennai,13.08,80.27,Drought,Low,1,7.3,4069,24983,29052,1613118,618,10643.0,20.2,10622.8,0.001898,No,No
166,2012-02-09,2012,Q1,2,February,India,Delhi,28.61,77.21,Landslide,Moderate,2,2.1,3970,9469,13439,569697,430,13987.0,64.1,13922.9,0.004583,No,No
5027,2012-02-09,2012,Q1,2,February,India,Delhi,28.61,77.21,Tsunami,Extreme,4,5.1,5350,18614,23964,5193793,325,16923.0,47.3,16875.7,0.002795,Yes,No
5198,2012-02-12,2012,Q1,2,February,India,Mumbai,19.07,72.87,Earthquake,Low,1,6.2,870,35917,36787,34306,65,33879.0,72.6,33806.4,0.002143,No,No
7139,2012-02-24,2012,Q1,2,February,India,Mumbai,19.07,72.87,Tsunami,High,3,6.4,5197,19958,25155,2187926,586,43119.0,78.2,43040.8,0.001814,No,No
8605,2012-02-29,2012,Q1,2,February,India,Delhi,28.61,77.21,Drought,Low,1,7.7,358,14362,14720,1975528,605,30907.0,60.9,30846.1,0.00197,No,No
3280,2012-03-15,2012,Q1,3,March,India,Kolkata,22.57,88.36,Drought,High,3,7.1,4360,3862,8222,1213318,30,21640.0,6.0,21634.0,0.000277,No,No
1259,2012-03-22,2012,Q1,3,March,India,Chennai,13.08,80.27,Cyclone,High,3,1.6,2888,12986,15874,1100084,15,34256.0,31.3,34224.7,0.000914,No,No
8215,2012-03-24,2012,Q1,3,March,India,Mumbai,19.07,72.87,Landslide,Moderate,2,8.2,4938,3988,8926,4062759,687,46806.0,63.9,46742.1,0.001365,No,No
4029,2012-04-26,2012,Q2,4,April,India,Kolkata,22.57,88.36,Wildfire,Moderate,2,4.0,1541,22655,24196,4867784,546,8654.0,69.8,8584.2,0.008066,No,No
9885,2012-04-30,2012,Q2,4,April,India,Kolkata,22.57,88.36,Heatwave,Moderate,2,3.7,1072,5541,6613,4602006,450,26634.0,71.0,26563.0,0.002666,No,No
3513,2012-05-08,2012,Q2,5,May,India,Delhi,28.61,77.21,Drought,High,3,1.2,7567,3281,10848,470634,196,20098.0,28.6,20069.4,0.001423,No,No
5950,2012-05-24,2012,Q2,5,May,India,Kolkata,22.57,88.36,Heatwave,Moderate,2,6.7,3312,30685,33997,1789747,575,49559.0,36.9,49522.1,0.000745,No,No
6933,2012-06-10,2012,Q2,6,June,India,Mumbai,19.07,72.87,Landslide,Moderate,2,7.4,3625,22561,26186,9297988,116,6588.0,59.0,6529.0,0.008956,No,No
1934,2012-06-14,2012,Q2,6,June,India,Chennai,13.08,80.27,Landslide,Low,1,7.0,3776,23539,27315,16808,707,32818.0,63.3,32754.7,0.001929,No,No
5533,2012-07-19,2012,Q3,7,July,India,Kolkata,22.57,88.36,Wildfire,Moderate,2,8.2,6981,2877,9858,6567878,676,28603.0,14.9,28588.1,0.000521,No,No
3843,2012-08-02,2012,Q3,8,August,India,Kolkata,22.57,88.36,Flood,Moderate,2,1.8,6093,24746,30839,9714488,640,34834.0,44.6,34789.4,0.00128,No,No
3132,2012-08-13,2012,Q3,8,August,India,Kolkata,22.57,88.36,Earthquake,High,3,5.3,2637,26915,29552,3997999,348,4237.0,65.0,4172.0,0.015341,No,No
5764,2012-08-22,2012,Q3,8,August,India,Delhi,28.61,77.21,Heatwave,Moderate,2,9.4,1458,3774,5232,1531938,352,39007.0,49.3,38957.7,0.001264,No,No
8592,2012-08-23,2012,Q3,8,August,India,Chennai,13.08,80.27,Tsunami,Low,1,7.7,1707,17279,18986,2728872,492,18614.0,42.6,18571.4,0.002289,No,No
434,2012-08-27,2012,Q3,8,August,India,Chennai,13.08,80.27,Heatwave,Extreme,4,4.5,1444,28704,30148,2793287,296,45266.0,77.2,45188.8,0.001705,No,No
5318,2012-09-12,2012,Q3,9,September,India,Kolkata,22.57,88.36,Earthquake,High,3,7.4,6953,14034,20987,8075386,409,30415.0,13.0,30402.0,0.000427,No,No
3279,2012-09-13,2012,Q3,9,September,India,Chennai,13.08,80.27,Flood,High,3,2.4,3820,31928,35748,4613740,92,38467.0,56.0,38411.0,0.001456,No,No
9113,2012-09-17,2012,Q3,9,September,India,Kolkata,22.57,88.36,Heatwave,Moderate,2,3.6,2062,11486,13548,2700501,386,41677.0,32.2,41644.8,0.000773,No,No
2037,2012-09-27,2012,Q3,9,September,India,Kolkata,22.57,88.36,Landslide,Moderate,2,3.4,7635,4330,11965,8783942,692,18010.0,5.6,18004.4,0.000311,No,No
745,2012-10-05,2012,Q4,10,October,India,Kolkata,22.57,88.36,Flood,Moderate,2,6.9,724,37352,38076,6715695,243,21100.0,26.8,21073.2,0.00127,No,No
1783,2012-10-07,2012,Q4,10,October,India,Kolkata,22.57,88.36,Tsunami,Low,1,5.9,5914,31527,37441,280649,424,26643.0,2.8,26640.2,0.000105,No,No
780,2012-10-22,2012,Q4,10,October,India,Mumbai,19.07,72.87,Flood,High,3,4.6,5072,34685,39757,3816669,583,40690.0,43.1,40646.9,0.001059,No,No
3956,2012-11-13,2012,Q4,11,November,India,Chennai,13.08,80.27,Cyclone,High,3,1.5,3939,26240,30179,8953606,624,46323.0,10.6,46312.4,0.000229,No,No
2754,2012-11-14,2012,Q4,11,November,India,Mumbai,19.07,72.87,Drought,Moderate,2,2.7,1240,25117,26357,406270,154,5318.0,0.2,5317.8,3.8e-05,No,No
5019,2012-11-19,2012,Q4,11,November,India,Chennai,13.08,80.27,Heatwave,Extreme,4,2.5,4167,2054,6221,2169627,537,48282.0,15.3,48266.7,0.000317,No,No
732,2012-11-21,2012,Q4,11,November,India,Delhi,28.61,77.21,Cyclone,Moderate,2,9.0,6714,7107,13821,8498570,166,44990.0,81.4,44908.6,0.001809,Yes,No
1207,2012-11-23,2012,Q4,11,November,India,Mumbai,19.07,72.87,Earthquake,Moderate,2,4.8,1128,35592,36720,7579011,572,3715.0,99.6,3615.4,0.02681,No,No
1569,2013-01-06,2013,Q1,1,January,India,Delhi,28.61,77.21,Heatwave,Extreme,4,9.2,1058,6230,7288,2497591,529,22596.0,82.5,22513.5,0.003651,No,No
2909,2013-01-06,2013,Q1,1,January,India,Delhi,28.61,77.21,Landslide,Moderate,2,1.5,7754,29119,36873,4889371,387,13121.0,89.6,13031.4,0.006829,No,No
7421,2013-01-14,2013,Q1,1,January,India,Delhi,28.61,77.21,Drought,Low,1,7.7,5053,36437,41490,6341758,703,22582.0,19.9,22562.1,0.000881,No,No
5359,2013-01-27,2013,Q1,1,January,India,Delhi,28.61,77.21,Landslide,Low,1,4.5,5345,35545,40890,8394108,99,36354.0,47.2,36306.8,0.001298,No,No
9739,2013-02-04,2013,Q1,2,February,India,Kolkata,22.57,88.36,Landslide,High,3,3.6,7605,7571,15176,2703203,487,19080.0,84.3,18995.7,0.004418,No,No
2720,2013-02-06,2013,Q1,2,February,India,Kolkata,22.57,88.36,Heatwave,Moderate,2,1.6,6035,17873,23908,7196204,68,19536.0,39.0,19497.0,0.001996,No,No
3162,2013-02-09,2013,Q1,2,February,India,Chennai,13.08,80.27,Earthquake,High,3,4.4,705,12138,12843,7210951,454,28845.0,68.9,28776.1,0.002389,No,No
4406,2013-03-01,2013,Q1,3,March,India,Mumbai,19.07,72.87,Cyclone,Moderate,2,9.6,7079,22757,29836,6455093,476,21082.0,14.0,21068.0,0.000664,No,No
3019,2013-03-24,2013,Q1,3,March,India,Mumbai,19.07,72.87,Tsunami,Low,1,6.3,3644,39770,43414,6583694,589,21347.0,2.7,21344.3,0.000126,No,No
5425,2013-03-30,2013,Q1,3,March,India,Mumbai,19.07,72.87,Earthquake,High,3,7.7,6960,9227,16187,1706836,53,28706.0,54.7,28651.3,0.001906,No,No
272,2013-04-03,2013,Q2,4,April,India,Delhi,28.61,77.21,Heatwave,Low,1,6.6,1521,34434,35955,2827275,322,6701.0,76.1,6624.9,0.011357,No,No
1890,2013-04-08,2013,Q2,4,April,India,Delhi,28.61,77.21,Cyclone,Low,1,3.8,7169,8090,15259,9412943,79,38076.0,3.3,38072.7,8.7e-05,Yes,No
2313,2013-04-18,2013,Q2,4,April,India,Mumbai,19.07,72.87,Earthquake,Moderate,2,4.8,4517,12319,16836,2483665,135,5231.0,19.9,5211.1,0.003804,No,No
6756,2013-04-21,2013,Q2,4,April,India,Mumbai,19.07,72.87,Tsunami,High,3,7.3,2474,6925,9399,6952603,21,46708.0,98.1,46609.9,0.0021,No,No
2359,2013-04-27,2013,Q2,4,April,India,Kolkata,22.57,88.36,Earthquake,High,3,6.2,3365,15839,19204,2575869,693,44211.0,80.3,44130.7,0.001816,No,No
365,2013-05-05,2013,Q2,5,May,India,Kolkata,22.57,88.36,Drought,Low,1,5.8,872,15644,16516,1965124,513,10036.0,27.7,10008.3,0.00276,No,No
4982,2013-05-06,2013,Q2,5,May,India,Kolkata,22.57,88.36,Tsunami,High,3,8.7,1507,3962,5469,4801945,271,4405.0,39.1,4365.9,0.008876,No,No
2277,2013-05-07,2013,Q2,5,May,India,Kolkata,22.57,88.36,Drought,High,3,9.8,696,26726,27422,7011546,336,567.0,95.6,471.4,0.168607,No,Yes
8517,2013-05-17,2013,Q2,5,May,India,Kolkata,22.57,88.36,Flood,Moderate,2,1.2,7944,8906,16850,9535453,287,8837.0,17.5,8819.5,0.00198,No,No
361,2013-05-31,2013,Q2,5,May,India,Chennai,13.08,80.27,Wildfire,High,3,3.2,410,11270,11680,5590081,465,22957.0,49.3,22907.7,0.002147,No,No
4324,2013-06-04,2013,Q2,6,June,India,Kolkata,22.57,88.36,Heatwave,Moderate,2,6.6,6089,28168,34257,4451266,443,31465.0,14.4,31450.6,0.000458,No,No
3405,2013-06-14,2013,Q2,6,June,India,Chennai,13.08,80.27,Wildfire,Extreme,4,7.4,5113,4705,9818,3626176,349,216.0,0.5,215.5,0.002315,No,No
5632,2013-06-16,2013,Q2,6,June,India,Chennai,13.08,80.27,Wildfire,Low,1,1.2,2528,38788,41316,5857018,290,42589.0,57.9,42531.1,0.00136,No,No
3594,2013-06-28,2013,Q2,6,June,India,Mumbai,19.07,72.87,Landslide,Extreme,4,5.6,3320,10910,14230,1793644,59,29866.0,18.6,29847.4,0.000623,No,No
3949,2013-06-28,2013,Q2,6,June,India,Kolkata,22.57,88.36,Cyclone,Moderate,2,7.8,4877,6973,11850,5745447,391,21311.0,4.8,21306.2,0.000225,No,No
357,2013-07-01,2013,Q3,7,July,India,Chennai,13.08,80.27,Heatwave,Moderate,2,7.6,1829,35764,37593,1571185,480,12991.0,15.3,12975.7,0.001178,No,No
4498,2013-07-05,2013,Q3,7,July,India,Kolkata,22.57,88.36,Landslide,High,3,1.2,7940,20583,28523,1742589,408,10894.0,55.3,10838.7,0.005076,No,No
6425,2013-07-24,2013,Q3,7,July,India,Mumbai,19.07,72.87,Cyclone,Low,1,6.9,7895,37710,45605,2637177,515,21237.0,94.9,21142.1,0.004469,No,No
1122,2013-07-26,2013,Q3,7,July,India,Chennai,13.08,80.27,Cyclone,Low,1,1.6,2195,22583,24778,9851473,414,27094.0,57.1,27036.9,0.002107,No,No
5193,2013-07-27,2013,Q3,7,July,India,Mumbai,19.07,72.87,Flood,Extreme,4,5.8,5948,29338,35286,4320535,252,36412.0,27.5,36384.5,0.000755,No,No
1224,2013-08-28,2013,Q3,8,August,India,Chennai,13.08,80.27,Drought,Moderate,2,3.2,5736,16519,22255,4159653,283,1491.0,33.4,1457.6,0.022401,No,No
2004,2013-09-05,2013,Q3,9,September,India,Mumbai,19.07,72.87,Heatwave,Moderate,2,1.8,6945,38129,45074,2288721,719,8622.0,27.1,8594.9,0.003143,No,No
3919,2013-09-13,2013,Q3,9,September,India,Kolkata,22.57,88.36,Cyclone,Moderate,2,6.1,5649,10123,15772,992037,124,35195.0,59.1,35135.9,0.001679,No,No
2319,2013-09-14,2013,Q3,9,September,India,Kolkata,22.57,88.36,Heatwave,Extreme,4,1.8,5176,13164,18340,419956,531,15226.0,82.7,15143.3,0.005431,No,No
5960,2013-09-17,2013,Q3,9,September,India,Chennai,13.08,80.27,Drought,High,3,5.3,5389,33640,39029,9036834,625,45370.0,76.8,45293.2,0.001693,No,No
10,2013-10-08,2013,Q4,10,October,India,Kolkata,22.57,88.36,Landslide,Moderate,2,3.2,4044,3863,7907,3661918,137,18842.0,75.7,18766.3,0.004018,No,No
3975,2013-10-12,2013,Q4,10,October,India,Chennai,13.08,80.27,Heatwave,Low,1,6.1,2277,33286,35563,7982922,15,6731.0,70.8,6660.2,0.010518,No,No
241,2013-10-29,2013,Q4,10,October,India,Delhi,28.61,77.21,Earthquake,Extreme,4,7.6,4017,30639,34656,7225626,670,4075.0,1.3,4073.7,0.000319,No,No
722,2013-12-15,2013,Q4,12,December,India,Kolkata,22.57,88.36,Drought,Extreme,4,2.2,4303,21857,26160,3471780,283,24995.0,84.6,24910.4,0.003385,No,No
2820,2013-12-17,2013,Q4,12,December,India,Mumbai,19.07,72.87,Landslide,Moderate,2,4.8,1971,13762,15733,8305845,599,48736.0,6.3,48729.7,0.000129,No,No
8709,2014-01-07,2014,Q1,1,January,India,Mumbai,19.07,72.87,Earthquake,Moderate,2,8.8,677,514,1191,4858802,246,493.0,48.4,444.6,0.098174,No,Yes
9841,2014-01-12,2014,Q1,1,January,India,Chennai,13.08,80.27,Wildfire,High,3,6.7,7590,23459,31049,1756478,664,32627.0,50.3,32576.7,0.001542,No,No
2639,2014-01-20,2014,Q1,1,January,India,Delhi,28.61,77.21,Drought,Low,1,2.8,5071,33433,38504,8956786,699,17856.0,12.4,17843.6,0.000694,No,No
8034,2014-01-21,2014,Q1,1,January,India,Delhi,28.61,77.21,Cyclone,Low,1,8.4,1111,36057,37168,2096275,470,9917.0,36.9,9880.1,0.003721,Yes,No
3925,2014-01-23,2014,Q1,1,January,India,Delhi,28.61,77.21,Wildfire,High,3,4.1,4351,31855,36206,1668425,721,470.0,21.5,448.5,0.045745,No,No
8827,2014-01-27,2014,Q1,1,January,India,Delhi,28.61,77.21,Heatwave,Moderate,2,6.7,4891,34623,39514,4669566,690,36666.0,89.8,36576.2,0.002449,No,No
5001,2014-01-28,2014,Q1,1,January,India,Kolkata,22.57,88.36,Cyclone,High,3,8.8,740,22484,23224,2966273,641,3212.0,53.0,3159.0,0.016501,No,No
9071,2014-01-31,2014,Q1,1,January,India,Kolkata,22.57,88.36,Tsunami,Low,1,8.1,6956,32006,38962,1005669,546,11537.0,68.2,11468.8,0.005911,No,No
6501,2014-02-07,2014,Q1,2,February,India,Chennai,13.08,80.27,Wildfire,Moderate,2,6.1,7912,31015,38927,8806718,549,20542.0,49.4,20492.6,0.002405,No,No
7945,2014-02-07,2014,Q1,2,February,India,Mumbai,19.07,72.87,Cyclone,Moderate,2,8.5,1622,15252,16874,12511,324,20710.0,36.8,20673.2,0.001777,No,No
988,2014-02-21,2014,Q1,2,February,India,Chennai,13.08,80.27,Drought,Low,1,7.7,426,21307,21733,4405605,374,39442.0,96.6,39345.4,0.002449,No,No
9011,2014-02-26,2014,Q1,2,February,India,Chennai,13.08,80.27,Tsunami,Low,1,5.7,1704,20239,21943,4766699,354,34251.0,92.3,34158.7,0.002695,No,No
6672,2014-03-14,2014,Q1,3,March,India,Chennai,13.08,80.27,Tsunami,Low,1,6.0,3129,19733,22862,4606792,540,39147.0,5.0,39142.0,0.000128,No,No
6792,2014-03-26,2014,Q1,3,March,India,Chennai,13.08,80.27,Heatwave,Moderate,2,5.2,6012,13761,19773,3228573,162,48539.0,62.1,48476.9,0.001279,No,No
9297,2014-03-31,2014,Q1,3,March,India,Mumbai,19.07,72.87,Cyclone,Low,1,2.4,1753,38431,40184,6980157,701,33643.0,88.4,33554.6,0.002628,No,No
9293,2014-04-11,2014,Q2,4,April,India,Chennai,13.08,80.27,Flood,Moderate,2,9.3,6735,33977,40712,3342537,583,2307.0,33.8,2273.2,0.014651,No,No
5879,2014-04-22,2014,Q2,4,April,India,Chennai,13.08,80.27,Cyclone,Extreme,4,1.7,1658,19917,21575,7459667,251,16782.0,56.4,16725.6,0.003361,No,No
1581,2014-04-28,2014,Q2,4,April,India,Chennai,13.08,80.27,Cyclone,Moderate,2,7.2,6309,10503,16812,5835345,697,8212.0,85.6,8126.4,0.010424,No,No
4054,2014-05-02,2014,Q2,5,May,India,Mumbai,19.07,72.87,Earthquake,Moderate,2,8.7,7203,38540,45743,9537360,62,49752.0,2.3,49749.7,4.6e-05,No,No
7575,2014-05-03,2014,Q2,5,May,India,Delhi,28.61,77.21,Landslide,Moderate,2,6.5,5968,10344,16312,665018,573,42247.0,84.2,42162.8,0.001993,No,No
9102,2014-06-03,2014,Q2,6,June,India,Kolkata,22.57,88.36,Heatwave,High,3,4.5,4974,33189,38163,1784623,373,19079.0,5.9,19073.1,0.000309,No,No
6886,2014-06-05,2014,Q2,6,June,India,Chennai,13.08,80.27,Drought,Low,1,2.9,2308,32633,34941,922551,404,9353.0,1.7,9351.3,0.000182,No,No
6306,2014-06-09,2014,Q2,6,June,India,Kolkata,22.57,88.36,Tsunami,Low,1,9.2,1007,19675,20682,5290527,417,36590.0,19.3,36570.7,0.000527,No,No
6540,2014-06-09,2014,Q2,6,June,India,Chennai,13.08,80.27,Wildfire,Low,1,6.4,5096,8216,13312,7824845,465,2360.0,28.1,2331.9,0.011907,No,No
1754,2014-06-13,2014,Q2,6,June,India,Chennai,13.08,80.27,Heatwave,High,3,5.4,3352,7756,11108,3601306,199,20554.0,18.1,20535.9,0.000881,No,No
7355,2014-06-21,2014,Q2,6,June,India,Delhi,28.61,77.21,Flood,Moderate,2,3.1,7325,12101,19426,1444347,573,32976.0,25.3,32950.7,0.000767,No,No
8964,2014-06-26,2014,Q2,6,June,India,Delhi,28.61,77.21,Drought,Moderate,2,9.2,6405,37154,43559,5694973,68,21595.0,97.7,21497.3,0.004524,No,No
4614,2014-07-07,2014,Q3,7,July,India,Delhi,28.61,77.21,Heatwave,Extreme,4,6.8,6051,26712,32763,8034419,728,6183.0,20.0,6163.0,0.003235,No,No
9264,2014-07-09,2014,Q3,7,July,India,Delhi,28.61,77.21,Heatwave,High,3,9.6,1068,20670,21738,3877161,663,18170.0,50.7,18119.3,0.00279,No,No
5067,2014-07-13,2014,Q3,7,July,India,Kolkata,22.57,88.36,Wildfire,Moderate,2,7.0,5870,1140,7010,4919727,109,46101.0,33.3,46067.7,0.000722,No,No
6572,2014-08-08,2014,Q3,8,August,India,Kolkata,22.57,88.36,Cyclone,Low,1,4.6,185,25474,25659,7432832,411,22484.0,9.8,22474.2,0.000436,No,No
6622,2014-08-10,2014,Q3,8,August,India,Mumbai,19.07,72.87,Heatwave,Moderate,2,5.4,2387,594,2981,1990455,471,35477.0,34.7,35442.3,0.000978,No,No
9342,2014-08-17,2014,Q3,8,August,India,Chennai,13.08,80.27,Drought,High,3,3.4,3040,27054,30094,1175407,66,37971.0,79.8,37891.2,0.002102,No,No
6693,2014-08-25,2014,Q3,8,August,India,Delhi,28.61,77.21,Heatwave,High,3,8.8,7021,20900,27921,8907264,319,15525.0,9.6,15515.4,0.000618,No,No
6388,2014-09-03,2014,Q3,9,September,India,Kolkata,22.57,88.36,Earthquake,Low,1,8.1,930,18927,19857,5874109,342,40783.0,53.5,40729.5,0.001312,No,No
3850,2014-09-05,2014,Q3,9,September,India,Mumbai,19.07,72.87,Flood,High,3,7.8,7643,7730,15373,3188133,85,36271.0,0.9,36270.1,2.5e-05,No,No
15,2014-09-07,2014,Q3,9,September,India,Mumbai,19.07,72.87,Earthquake,Moderate,2,4.8,900,22285,23185,883072,5,6714.0,58.1,6655.9,0.008654,No,No
9928,2014-10-03,2014,Q4,10,October,India,Mumbai,19.07,72.87,Earthquake,Moderate,2,8.6,7434,12869,20303,7107075,548,42301.0,7.8,42293.2,0.000184,No,No
6172,2014-10-08,2014,Q4,10,October,India,Kolkata,22.57,88.36,Wildfire,Moderate,2,3.3,7284,27005,34289,6505970,511,28554.0,84.3,28469.7,0.002952,No,No
8515,2014-11-10,2014,Q4,11,November,India,Delhi,28.61,77.21,Landslide,Low,1,2.8,2427,36693,39120,592033,506,20315.0,35.7,20279.3,0.001757,No,No
3900,2014-11-12,2014,Q4,11,November,India,Mumbai,19.07,72.87,Wildfire,Moderate,2,9.1,5073,33614,38687,9437247,623,34579.0,1.6,34577.4,4.6e-05,No,No
7709,2014-11-26,2014,Q4,11,November,India,Mumbai,19.07,72.87,Flood,Moderate,2,7.0,6780,22266,29046,1214097,634,9058.0,4.1,9053.9,0.000453,No,No
8616,2014-12-06,2014,Q4,12,December,India,Delhi,28.61,77.21,Wildfire,Moderate,2,4.3,3237,23965,27202,5022630,716,27381.0,10.8,27370.2,0.000394,No,No
7518,2014-12-09,2014,Q4,12,December,India,Mumbai,19.07,72.87,Cyclone,High,3,6.9,5183,15631,20814,395757,210,3709.0,29.0,3680.0,0.007819,No,No
4471,2014-12-14,2014,Q4,12,December,India,Delhi,28.61,77.21,Heatwave,High,3,8.2,3368,23969,27337,1052949,536,12580.0,19.4,12560.6,0.001542,No,No
224,2014-12-21,2014,Q4,12,December,India,Mumbai,19.07,72.87,Landslide,Low,1,4.2,4472,25111,29583,9827135,17,25987.0,94.7,25892.3,0.003644,No,No
3832,2014-12-28,2014,Q4,12,December,India,Delhi,28.61,77.21,Tsunami,Low,1,7.1,6566,27373,33939,5026410,369,8678.0,87.2,8590.8,0.010048,Yes,No
8189,2015-01-21,2015,Q1,1,January,India,Delhi,28.61,77.21,Drought,Moderate,2,5.4,6166,9535,15701,9382905,25,23705.0,18.9,23686.1,0.000797,No,No
2777,2015-01-24,2015,Q1,1,January,India,Mumbai,19.07,72.87,Drought,High,3,2.2,4468,19738,24206,3159689,118,12947.0,85.0,12862.0,0.006565,No,No
3556,2015-01-25,2015,Q1,1,January,India,Chennai,13.08,80.27,Earthquake,Moderate,2,5.7,7721,19487,27208,7536982,641,28109.0,2.7,28106.3,9.6e-05,No,No
9937,2015-01-30,2015,Q1,1,January,India,Chennai,13.08,80.27,Tsunami,Extreme,4,8.8,5435,32928,38363,2197286,96,20069.0,91.1,19977.9,0.004539,No,No
4679,2015-02-12,2015,Q1,2,February,India,Delhi,28.61,77.21,Cyclone,Moderate,2,8.3,4706,2638,7344,2724002,672,35562.0,28.0,35534.0,0.000787,Yes,No
1408,2015-02-14,2015,Q1,2,February,India,Delhi,28.61,77.21,Tsunami,Low,1,7.7,6066,12580,18646,8858906,576,18711.0,50.3,18660.7,0.002688,Yes,No
7041,2015-02-20,2015,Q1,2,February,India,Kolkata,22.57,88.36,Drought,High,3,8.7,87,18469,18556,7119960,372,9284.0,81.5,9202.5,0.008779,No,No
706,2015-03-11,2015,Q1,3,March,India,Delhi,28.61,77.21,Landslide,Moderate,2,9.3,1015,3085,4100,7016528,40,11885.0,9.5,11875.5,0.000799,No,No
8596,2015-03-30,2015,Q1,3,March,India,Delhi,28.61,77.21,Wildfire,Low,1,5.6,3865,9437,13302,898395,34,48880.0,54.6,48825.4,0.001117,No,No
109,2015-04-12,2015,Q2,4,April,India,Kolkata,22.57,88.36,Tsunami,Moderate,2,4.4,5067,30034,35101,3013668,414,31017.0,11.0,31006.0,0.000355,No,No
1817,2015-04-25,2015,Q2,4,April,India,Kolkata,22.57,88.36,Wildfire,Moderate,2,2.8,3080,11005,14085,9245872,80,8789.0,52.9,8736.1,0.006019,No,No
123,2015-05-01,2015,Q2,5,May,India,Kolkata,22.57,88.36,Cyclone,Low,1,9.5,7468,6875,14343,208200,569,40154.0,67.3,40086.7,0.001676,No,No
7221,2015-05-08,2015,Q2,5,May,India,Chennai,13.08,80.27,Wildfire,Low,1,6.0,280,37797,38077,3113486,421,43803.0,31.1,43771.9,0.00071,No,No
933,2015-05-25,2015,Q2,5,May,India,Kolkata,22.57,88.36,Earthquake,Moderate,2,7.7,2932,16512,19444,414820,484,39597.0,26.3,39570.7,0.000664,No,No
7631,2015-06-03,2015,Q2,6,June,India,Delhi,28.61,77.21,Heatwave,Moderate,2,3.7,354,9117,9471,44593,646,39083.0,46.0,39037.0,0.001177,No,No
7938,2015-06-09,2015,Q2,6,June,India,Kolkata,22.57,88.36,Flood,Low,1,4.1,4144,31695,35839,6362684,39,23364.0,35.4,23328.6,0.001515,No,No
5401,2015-07-08,2015,Q3,7,July,India,Mumbai,19.07,72.87,Landslide,Low,1,9.0,5197,11991,17188,3149771,503,3639.0,68.5,3570.5,0.018824,No,No
891,2015-07-28,2015,Q3,7,July,India,Delhi,28.61,77.21,Drought,Low,1,2.5,4423,12779,17202,7813391,336,25859.0,58.8,25800.2,0.002274,No,No
7329,2015-07-28,2015,Q3,7,July,India,Delhi,28.61,77.21,Landslide,Extreme,4,9.5,7804,30493,38297,971866,132,45062.0,63.4,44998.6,0.001407,No,No
348,2015-07-29,2015,Q3,7,July,India,Chennai,13.08,80.27,Drought,High,3,2.2,6569,28580,35149,9053947,317,16853.0,20.7,16832.3,0.001228,No,No
5858,2015-08-09,2015,Q3,8,August,India,Mumbai,19.07,72.87,Heatwave,Moderate,2,4.9,6489,23024,29513,5627643,705,8767.0,90.9,8676.1,0.010368,No,No
8570,2015-09-16,2015,Q3,9,September,India,Delhi,28.61,77.21,Wildfire,High,3,7.2,285,26084,26369,6731272,138,30950.0,37.3,30912.7,0.001205,No,No
1826,2015-09-18,2015,Q3,9,September,India,Delhi,28.61,77.21,Landslide,Extreme,4,4.8,2191,29662,31853,4225127,703,7306.0,59.0,7247.0,0.008076,No,No
8684,2015-10-02,2015,Q4,10,October,India,Kolkata,22.57,88.36,Drought,High,3,5.0,4345,1781,6126,1181682,234,20300.0,13.0,20287.0,0.00064,No,No
233,2015-10-03,2015,Q4,10,October,India,Delhi,28.61,77.21,Flood,Moderate,2,10.0,4074,19648,23722,9001053,556,20479.0,63.5,20415.5,0.003101,No,No
2350,2015-10-04,2015,Q4,10,October,India,Chennai,13.08,80.27,Landslide,High,3,6.4,7848,22222,30070,6029197,68,7383.0,51.2,7331.8,0.006935,No,No
2674,2015-10-30,2015,Q4,10,October,India,Mumbai,19.07,72.87,Landslide,Moderate,2,7.9,5817,26541,32358,3619259,466,1742.0,60.6,1681.4,0.034788,No,No
4775,2015-11-12,2015,Q4,11,November,India,Kolkata,22.57,88.36,Tsunami,Low,1,6.5,7718,34494,42212,71148,537,19151.0,46.7,19104.3,0.002439,No,No
9933,2015-11-20,2015,Q4,11,November,India,Kolkata,22.57,88.36,Landslide,Moderate,2,4.5,4321,31565,35886,1284875,557,33340.0,43.7,33296.3,0.001311,No,No
5307,2015-12-05,2015,Q4,12,December,India,Delhi,28.61,77.21,Wildfire,Low,1,1.9,1628,13625,15253,5596840,674,27408.0,26.6,27381.4,0.000971,No,No
992,2016-01-03,2016,Q1,1,January,India,Delhi,28.61,77.21,Drought,Moderate,2,1.7,7090,11268,18358,7589897,70,18946.0,38.2,18907.8,0.002016,No,No
9179,2016-01-03,2016,Q1,1,January,India,Mumbai,19.07,72.87,Earthquake,Moderate,2,5.1,144,33271,33415,8188054,464,3892.0,91.6,3800.4,0.023535,No,No
2176,2016-01-11,2016,Q1,1,January,India,Chennai,13.08,80.27,Landslide,Moderate,2,2.1,6325,15620,21945,7814430,227,36582.0,13.6,36568.4,0.000372,No,No
5083,2016-01-16,2016,Q1,1,January,India,Kolkata,22.57,88.36,Earthquake,Extreme,4,4.1,1779,20461,22240,347613,331,30586.0,27.7,30558.3,0.000906,No,No
9481,2016-02-08,2016,Q1,2,February,India,Chennai,13.08,80.27,Drought,Low,1,2.5,7623,9325,16948,653927,28,5991.0,21.5,5969.5,0.003589,No,No
7697,2016-02-15,2016,Q1,2,February,India,Chennai,13.08,80.27,Drought,Moderate,2,4.6,2538,15934,18472,4638431,672,14505.0,41.1,14463.9,0.002834,No,No
948,2016-02-16,2016,Q1,2,February,India,Kolkata,22.57,88.36,Wildfire,Moderate,2,9.4,1446,9087,10533,4472469,349,20731.0,61.4,20669.6,0.002962,No,No
6219,2016-02-17,2016,Q1,2,February,India,Delhi,28.61,77.21,Drought,Low,1,1.6,5125,33285,38410,3573499,599,3977.0,69.8,3907.2,0.017551,No,No
8403,2016-02-17,2016,Q1,2,February,India,Chennai,13.08,80.27,Earthquake,Moderate,2,9.2,4735,14076,18811,3751865,700,27030.0,57.9,26972.1,0.002142,No,No
2027,2016-02-19,2016,Q1,2,February,India,Delhi,28.61,77.21,Cyclone,High,3,1.2,7859,36996,44855,9327361,589,14460.0,59.4,14400.6,0.004108,Yes,No
2495,2016-02-29,2016,Q1,2,February,India,Kolkata,22.57,88.36,Tsunami,Low,1,4.4,5285,911,6196,2593366,286,28167.0,93.9,28073.1,0.003334,No,No
7572,2016-03-05,2016,Q1,3,March,India,Mumbai,19.07,72.87,Earthquake,High,3,6.5,5621,14976,20597,6247804,414,11902.0,37.8,11864.2,0.003176,No,No
3075,2016-03-29,2016,Q1,3,March,India,Delhi,28.61,77.21,Wildfire,Moderate,2,9.5,7144,12500,19644,4978883,453,30815.0,44.4,30770.6,0.001441,No,No
5628,2016-04-01,2016,Q2,4,April,India,Mumbai,19.07,72.87,Landslide,High,3,6.2,5741,13293,19034,7309709,398,41979.0,61.8,41917.2,0.001472,No,No
6761,2016-04-19,2016,Q2,4,April,India,Mumbai,19.07,72.87,Wildfire,Low,1,8.1,1941,11448,13389,748616,635,36726.0,49.9,36676.1,0.001359,No,No
1660,2016-04-30,2016,Q2,4,April,India,Chennai,13.08,80.27,Cyclone,Moderate,2,7.2,7717,36605,44322,1274051,542,20121.0,7.2,20113.8,0.000358,No,No
4766,2016-05-01,2016,Q2,5,May,India,Chennai,13.08,80.27,Tsunami,Moderate,2,5.5,2532,9430,11962,9370713,529,25184.0,46.6,25137.4,0.00185,No,No
2159,2016-05-08,2016,Q2,5,May,India,Kolkata,22.57,88.36,Flood,Moderate,2,1.6,84,3839,3923,8867046,201,7191.0,49.2,7141.8,0.006842,No,No
3450,2016-05-14,2016,Q2,5,May,India,Mumbai,19.07,72.87,Cyclone,Low,1,4.8,2307,31401,33708,244204,174,12270.0,48.0,12222.0,0.003912,No,No
8196,2016-05-20,2016,Q2,5,May,India,Kolkata,22.57,88.36,Heatwave,High,3,2.3,7450,4085,11535,7426330,38,23536.0,58.8,23477.2,0.002498,No,No
9890,2016-05-23,2016,Q2,5,May,India,Kolkata,22.57,88.36,Heatwave,Extreme,4,4.9,2609,24842,27451,6011845,632,15105.0,72.8,15032.2,0.00482,No,No
5134,2016-05-28,2016,Q2,5,May,India,Chennai,13.08,80.27,Landslide,High,3,8.3,1899,25102,27001,125438,425,48664.0,29.8,48634.2,0.000612,No,No
202,2016-06-02,2016,Q2,6,June,India,Mumbai,19.07,72.87,Tsunami,Low,1,8.9,6183,13213,19396,6112603,272,28320.0,24.5,28295.5,0.000865,No,No
7699,2016-06-15,2016,Q2,6,June,India,Delhi,28.61,77.21,Cyclone,Low,1,3.8,5438,5907,11345,7916688,597,19214.0,11.0,19203.0,0.000572,Yes,No
5176,2016-06-26,2016,Q2,6,June,India,Kolkata,22.57,88.36,Wildfire,Moderate,2,8.0,3143,13287,16430,7032702,381,4864.0,94.0,4770.0,0.019326,No,No
4986,2016-07-01,2016,Q3,7,July,India,Mumbai,19.07,72.87,Wildfire,Low,1,4.9,3682,39870,43552,8400493,419,42777.0,71.5,42705.5,0.001671,No,No
9281,2016-07-03,2016,Q3,7,July,India,Chennai,13.08,80.27,Heatwave,Low,1,6.1,6377,28185,34562,7331709,328,5908.0,2.8,5905.2,0.000474,No,No
2558,2016-07-10,2016,Q3,7,July,India,Mumbai,19.07,72.87,Wildfire,Moderate,2,6.9,4304,14718,19022,5960517,532,27084.0,37.2,27046.8,0.001374,No,No
7072,2016-07-21,2016,Q3,7,July,India,Chennai,13.08,80.27,Wildfire,Low,1,9.2,2201,33175,35376,1995733,594,13836.0,82.1,13753.9,0.005934,No,No
4768,2016-07-31,2016,Q3,7,July,India,Delhi,28.61,77.21,Cyclone,Moderate,2,3.7,4655,14367,19022,1368786,720,12244.0,36.1,12207.9,0.002948,Yes,No
4918,2016-08-02,2016,Q3,8,August,India,Delhi,28.61,77.21,Landslide,High,3,9.8,7168,35409,42577,4167157,87,620.0,34.2,585.8,0.055161,No,Yes
6948,2016-08-25,2016,Q3,8,August,India,Chennai,13.08,80.27,Wildfire,Low,1,9.8,2888,33827,36715,5197899,410,16536.0,21.1,16514.9,0.001276,No,No
8979,2016-08-30,2016,Q3,8,August,India,Chennai,13.08,80.27,Drought,Moderate,2,3.1,6157,30457,36614,8325904,146,501.0,89.8,411.2,0.179242,No,Yes
7250,2016-09-06,2016,Q3,9,September,India,Chennai,13.08,80.27,Wildfire,Moderate,2,4.5,4809,12733,17542,428948,121,19932.0,91.6,19840.4,0.004596,No,No
6895,2016-09-09,2016,Q3,9,September,India,Delhi,28.61,77.21,Wildfire,Moderate,2,6.8,1540,7063,8603,9556486,706,28681.0,55.3,28625.7,0.001928,No,No
3521,2016-09-10,2016,Q3,9,September,India,Chennai,13.08,80.27,Cyclone,Moderate,2,5.2,3100,8547,11647,7837793,106,3627.0,97.7,3529.3,0.026937,No,No
8644,2016-09-12,2016,Q3,9,September,India,Chennai,13.08,80.27,Flood,Moderate,2,8.5,2187,31336,33523,7962949,649,28885.0,77.8,28807.2,0.002693,No,No
2354,2016-09-15,2016,Q3,9,September,India,Mumbai,19.07,72.87,Heatwave,Moderate,2,7.4,2254,353,2607,3731707,601,18574.0,70.4,18503.6,0.00379,No,No
1440,2016-10-11,2016,Q4,10,October,India,Kolkata,22.57,88.36,Tsunami,High,3,4.7,3282,33755,37037,1825076,195,38599.0,79.1,38519.9,0.002049,No,No
2380,2016-10-22,2016,Q4,10,October,India,Kolkata,22.57,88.36,Heatwave,Low,1,2.4,3239,4811,8050,1392198,22,45814.0,70.6,45743.4,0.001541,No,No
7636,2016-10-24,2016,Q4,10,October,India,Kolkata,22.57,88.36,Heatwave,Moderate,2,3.1,1918,14961,16879,1933469,426,13121.0,55.1,13065.9,0.004199,No,No
6039,2016-11-03,2016,Q4,11,November,India,Chennai,13.08,80.27,Flood,Low,1,6.5,7175,30546,37721,1141867,537,10103.0,52.2,10050.8,0.005167,No,No
1889,2016-11-04,2016,Q4,11,November,India,Kolkata,22.57,88.36,Flood,High,3,2.6,7094,30206,37300,6892253,344,38797.0,15.9,38781.1,0.00041,No,No
2531,2016-11-05,2016,Q4,11,November,India,Chennai,13.08,80.27,Flood,High,3,6.4,4438,39582,44020,6320761,721,27754.0,85.7,27668.3,0.003088,No,No
7409,2016-12-04,2016,Q4,12,December,India,Mumbai,19.07,72.87,Heatwave,High,3,6.7,6843,35502,42345,951138,358,31171.0,28.6,31142.4,0.000918,No,No
949,2016-12-12,2016,Q4,12,December,India,Mumbai,19.07,72.87,Earthquake,High,3,8.1,2674,6697,9371,3280302,590,44170.0,90.9,44079.1,0.002058,No,No
9070,2016-12-13,2016,Q4,12,December,India,Kolkata,22.57,88.36,Heatwave,Low,1,6.3,5812,26288,32100,3230397,285,38351.0,12.9,38338.1,0.000336,No,No
1081,2016-12-16,2016,Q4,12,December,India,Mumbai,19.07,72.87,Wildfire,Moderate,2,2.6,4542,12017,16559,8498784,425,11675.0,7.2,11667.8,0.000617,No,No
1322,2016-12-31,2016,Q4,12,December,India,Mumbai,19.07,72.87,Wildfire,Moderate,2,3.8,1341,9854,11195,3426658,140,36934.0,72.9,36861.1,0.001974,No,No
7544,2017-01-03,2017,Q1,1,January,India,Mumbai,19.07,72.87,Earthquake,Low,1,5.7,6009,33351,39360,3147062,456,37969.0,16.4,37952.6,0.000432,No,No
8532,2017-01-04,2017,Q1,1,January,India,Chennai,13.08,80.27,Earthquake,Extreme,4,8.5,7945,18540,26485,122311,15,29086.0,55.9,29030.1,0.001922,No,No
5741,2017-01-07,2017,Q1,1,January,India,Chennai,13.08,80.27,Landslide,High,3,4.8,3104,6953,10057,9476923,215,14447.0,60.4,14386.6,0.004181,No,No
7257,2017-01-07,2017,Q1,1,January,India,Delhi,28.61,77.21,Earthquake,High,3,7.3,1711,9217,10928,5484667,154,32650.0,97.2,32552.8,0.002977,No,No
2370,2017-01-25,2017,Q1,1,January,India,Mumbai,19.07,72.87,Drought,Moderate,2,5.9,4728,4780,9508,6097386,580,31011.0,78.3,30932.7,0.002525,No,No
9730,2017-01-25,2017,Q1,1,January,India,Delhi,28.61,77.21,Drought,High,3,4.6,7875,35047,42922,4991889,480,17563.0,34.3,17528.7,0.001953,No,No
2486,2017-01-28,2017,Q1,1,January,India,Chennai,13.08,80.27,Earthquake,Low,1,6.8,5441,5195,10636,7243998,703,1740.0,76.9,1663.1,0.044195,No,No
5992,2017-01-30,2017,Q1,1,January,India,Delhi,28.61,77.21,Wildfire,Low,1,6.2,4064,29904,33968,9820333,584,40723.0,30.2,40692.8,0.000742,No,No
8958,2017-02-13,2017,Q1,2,February,India,Delhi,28.61,77.21,Heatwave,Low,1,3.9,7400,4616,12016,1885917,173,19509.0,46.6,19462.4,0.002389,No,No
7394,2017-02-24,2017,Q1,2,February,India,Mumbai,19.07,72.87,Landslide,High,3,9.4,6007,29785,35792,5255466,201,16182.0,52.0,16130.0,0.003213,No,No
1769,2017-03-12,2017,Q1,3,March,India,Delhi,28.61,77.21,Tsunami,Low,1,5.1,1272,13127,14399,9202552,146,36776.0,42.7,36733.3,0.001161,Yes,No
974,2017-03-22,2017,Q1,3,March,India,Delhi,28.61,77.21,Drought,Moderate,2,3.0,2395,6143,8538,4957179,606,23993.0,33.7,23959.3,0.001405,No,No
9796,2017-03-29,2017,Q1,3,March,India,Mumbai,19.07,72.87,Cyclone,Moderate,2,4.6,5927,10487,16414,232574,686,11274.0,89.6,11184.4,0.007947,No,No
8439,2017-04-09,2017,Q2,4,April,India,Delhi,28.61,77.21,Cyclone,High,3,7.9,5057,29631,34688,8133785,443,34245.0,94.1,34150.9,0.002748,Yes,No
3590,2017-04-21,2017,Q2,4,April,India,Mumbai,19.07,72.87,Heatwave,Low,1,5.4,3928,10263,14191,130001,521,2180.0,55.9,2124.1,0.025642,No,No
9376,2017-04-22,2017,Q2,4,April,India,Delhi,28.61,77.21,Drought,High,3,1.1,2286,24789,27075,7382031,476,38592.0,59.9,38532.1,0.001552,No,No
4559,2017-05-11,2017,Q2,5,May,India,Kolkata,22.57,88.36,Cyclone,Low,1,1.4,6227,1530,7757,4854508,210,113.0,73.4,39.6,0.649558,No,Yes
6616,2017-05-16,2017,Q2,5,May,India,Delhi,28.61,77.21,Landslide,High,3,6.8,856,38055,38911,3864224,645,34484.0,17.6,34466.4,0.00051,No,No
5289,2017-05-17,2017,Q2,5,May,India,Delhi,28.61,77.21,Earthquake,Moderate,2,5.3,1830,558,2388,2139070,492,41338.0,24.7,41313.3,0.000598,No,No
4582,2017-06-04,2017,Q2,6,June,India,Delhi,28.61,77.21,Heatwave,Low,1,4.8,566,5818,6384,7677105,576,2615.0,25.2,2589.8,0.009637,No,No
2860,2017-06-05,2017,Q2,6,June,India,Mumbai,19.07,72.87,Wildfire,Low,1,4.2,6629,36383,43012,5251010,436,26259.0,65.9,26193.1,0.00251,No,No
9482,2017-07-05,2017,Q3,7,July,India,Kolkata,22.57,88.36,Tsunami,Extreme,4,6.0,7157,27780,34937,4692863,112,28665.0,69.5,28595.5,0.002425,No,No
4321,2017-07-06,2017,Q3,7,July,India,Kolkata,22.57,88.36,Tsunami,Low,1,8.4,7151,23246,30397,9013923,625,6173.0,47.7,6125.3,0.007727,No,No
5847,2017-07-28,2017,Q3,7,July,India,Kolkata,22.57,88.36,Heatwave,Moderate,2,9.6,2191,14296,16487,2765593,269,10370.0,38.8,10331.2,0.003742,No,No
4462,2017-08-10,2017,Q3,8,August,India,Mumbai,19.07,72.87,Wildfire,Low,1,3.4,1066,22168,23234,717236,633,29872.0,60.2,29811.8,0.002015,No,No
7725,2017-08-10,2017,Q3,8,August,India,Delhi,28.61,77.21,Heatwave,Moderate,2,9.2,7996,34372,42368,1688923,719,967.0,55.1,911.9,0.05698,No,Yes
2769,2017-08-15,2017,Q3,8,August,India,Delhi,28.61,77.21,Cyclone,High,3,9.5,4858,36692,41550,5037356,258,6827.0,46.5,6780.5,0.006811,Yes,No
9798,2017-08-25,2017,Q3,8,August,India,Chennai,13.08,80.27,Flood,Moderate,2,7.4,3121,17360,20481,4451892,258,11804.0,78.4,11725.6,0.006642,No,No
8662,2017-08-26,2017,Q3,8,August,India,Kolkata,22.57,88.36,Tsunami,Moderate,2,4.8,6144,38151,44295,3956481,717,23285.0,77.5,23207.5,0.003328,No,No
963,2017-09-03,2017,Q3,9,September,India,Chennai,13.08,80.27,Flood,Moderate,2,9.1,5781,20806,26587,6403295,703,19667.0,70.6,19596.4,0.00359,No,No
5143,2017-09-06,2017,Q3,9,September,India,Kolkata,22.57,88.36,Landslide,Low,1,8.0,2400,18055,20455,5794671,724,33889.0,88.6,33800.4,0.002614,No,No
7517,2017-09-15,2017,Q3,9,September,India,Kolkata,22.57,88.36,Cyclone,High,3,3.3,1396,21824,23220,1325551,487,40065.0,44.0,40021.0,0.001098,No,No
8954,2017-09-18,2017,Q3,9,September,India,Mumbai,19.07,72.87,Landslide,High,3,6.4,2849,12220,15069,829586,604,14243.0,3.6,14239.4,0.000253,No,No
8718,2017-09-27,2017,Q3,9,September,India,Kolkata,22.57,88.36,Cyclone,Low,1,2.8,7848,35309,43157,9973432,138,35889.0,70.0,35819.0,0.00195,No,No
1984,2017-10-01,2017,Q4,10,October,India,Delhi,28.61,77.21,Drought,Low,1,3.9,6428,11150,17578,6413977,78,29952.0,56.4,29895.6,0.001883,No,No
3611,2017-10-01,2017,Q4,10,October,India,Chennai,13.08,80.27,Tsunami,Low,1,6.4,3940,26631,30571,2238633,245,22042.0,5.0,22037.0,0.000227,No,No
6423,2017-10-30,2017,Q4,10,October,India,Mumbai,19.07,72.87,Cyclone,Low,1,7.4,7727,4607,12334,9879486,145,34512.0,64.5,34447.5,0.001869,No,No
3037,2017-11-02,2017,Q4,11,November,India,Kolkata,22.57,88.36,Tsunami,High,3,4.6,1234,38557,39791,8751312,613,25883.0,53.9,25829.1,0.002082,No,No
565,2017-12-06,2017,Q4,12,December,India,Mumbai,19.07,72.87,Flood,Low,1,9.4,2507,38676,41183,5341408,577,49087.0,88.6,48998.4,0.001805,No,No
1524,2017-12-07,2017,Q4,12,December,India,Mumbai,19.07,72.87,Heatwave,Moderate,2,9.2,3678,431,4109,8467275,674,32508.0,11.7,32496.3,0.00036,No,No
8953,2017-12-31,2017,Q4,12,December,India,Delhi,28.61,77.21,Drought,High,3,6.9,1641,4322,5963,5335817,710,6735.0,77.9,6657.1,0.011566,No,No
6862,2018-01-04,2018,Q1,1,January,India,Mumbai,19.07,72.87,Landslide,Extreme,4,2.8,3182,37172,40354,2143660,89,22243.0,6.0,22237.0,0.00027,No,No
4237,2018-01-18,2018,Q1,1,January,India,Mumbai,19.07,72.87,Drought,Low,1,6.1,1719,33335,35054,3812498,221,43360.0,19.4,43340.6,0.000447,No,No
1578,2018-02-07,2018,Q1,2,February,India,Delhi,28.61,77.21,Tsunami,Moderate,2,5.4,7711,39380,47091,4435074,75,26133.0,21.5,26111.5,0.000823,Yes,No
5844,2018-03-07,2018,Q1,3,March,India,Delhi,28.61,77.21,Earthquake,High,3,6.7,1022,29702,30724,4766244,292,23994.0,70.4,23923.6,0.002934,No,No
7335,2018-03-10,2018,Q1,3,March,India,Delhi,28.61,77.21,Heatwave,Low,1,3.4,3369,14479,17848,2590411,692,46452.0,88.4,46363.6,0.001903,No,No
2821,2018-03-17,2018,Q1,3,March,India,Kolkata,22.57,88.36,Flood,Low,1,8.8,538,34787,35325,440328,575,29486.0,2.9,29483.1,9.8e-05,No,No
6456,2018-03-17,2018,Q1,3,March,India,Kolkata,22.57,88.36,Tsunami,Low,1,6.3,641,29623,30264,9233465,481,24702.0,61.9,24640.1,0.002506,No,No
4292,2018-03-19,2018,Q1,3,March,India,Kolkata,22.57,88.36,Landslide,Low,1,1.0,3851,3880,7731,1160243,261,13878.0,89.7,13788.3,0.006463,No,No
1087,2018-03-22,2018,Q1,3,March,India,Delhi,28.61,77.21,Landslide,High,3,2.3,7898,28026,35924,6210396,559,26180.0,22.7,26157.3,0.000867,No,No
8462,2018-05-02,2018,Q2,5,May,India,Delhi,28.61,77.21,Tsunami,Low,1,5.2,4589,30623,35212,6086775,291,7282.0,83.9,7198.1,0.011522,Yes,No
7576,2018-05-19,2018,Q2,5,May,India,Kolkata,22.57,88.36,Wildfire,Moderate,2,7.6,1008,25026,26034,3652952,162,19153.0,95.3,19057.7,0.004976,No,No
9034,2018-05-21,2018,Q2,5,May,India,Mumbai,19.07,72.87,Earthquake,Moderate,2,6.9,6805,1448,8253,7976709,319,35881.0,27.7,35853.3,0.000772,No,No
8871,2018-05-23,2018,Q2,5,May,India,Delhi,28.61,77.21,Heatwave,High,3,6.8,986,2853,3839,9249455,579,31544.0,82.1,31461.9,0.002603,No,No
2528,2018-05-25,2018,Q2,5,May,India,Mumbai,19.07,72.87,Tsunami,Moderate,2,6.5,3886,24568,28454,2112550,602,23664.0,37.4,23626.6,0.00158,No,No
405,2018-05-26,2018,Q2,5,May,India,Chennai,13.08,80.27,Heatwave,Low,1,4.5,5161,17939,23100,1502890,120,38338.0,41.0,38297.0,0.001069,No,No
2759,2018-05-31,2018,Q2,5,May,India,Mumbai,19.07,72.87,Flood,High,3,2.4,6796,24358,31154,9290517,572,27900.0,90.7,27809.3,0.003251,No,No
125,2018-06-01,2018,Q2,6,June,India,Kolkata,22.57,88.36,Flood,High,3,2.6,6104,30491,36595,1351206,676,48616.0,46.4,48569.6,0.000954,No,No
9203,2018-06-01,2018,Q2,6,June,India,Delhi,28.61,77.21,Wildfire,Moderate,2,4.1,7654,12652,20306,239205,713,7664.0,39.4,7624.6,0.005141,No,No
5863,2018-06-24,2018,Q2,6,June,India,Mumbai,19.07,72.87,Wildfire,Moderate,2,5.4,3309,5052,8361,4136399,515,36491.0,68.1,36422.9,0.001866,No,No
2786,2018-07-04,2018,Q3,7,July,India,Chennai,13.08,80.27,Heatwave,Moderate,2,7.5,4072,33613,37685,8773863,498,49799.0,56.7,49742.3,0.001139,No,No
7651,2018-07-08,2018,Q3,7,July,India,Mumbai,19.07,72.87,Earthquake,High,3,5.1,170,23429,23599,9884355,705,33050.0,5.1,33044.9,0.000154,No,No
943,2018-07-12,2018,Q3,7,July,India,Delhi,28.61,77.21,Cyclone,High,3,3.1,6991,28512,35503,6074066,626,3937.0,26.4,3910.6,0.006706,Yes,No
7014,2018-07-19,2018,Q3,7,July,India,Kolkata,22.57,88.36,Drought,Extreme,4,3.2,6293,25582,31875,1845958,123,9237.0,6.2,9230.8,0.000671,No,No
1374,2018-07-25,2018,Q3,7,July,India,Kolkata,22.57,88.36,Landslide,Moderate,2,7.5,2791,30642,33433,4191300,495,30519.0,42.7,30476.3,0.001399,No,No
3003,2018-07-31,2018,Q3,7,July,India,Kolkata,22.57,88.36,Cyclone,Extreme,4,2.3,7038,19026,26064,6900961,107,23345.0,94.8,23250.2,0.004061,No,No
3730,2018-08-01,2018,Q3,8,August,India,Kolkata,22.57,88.36,Tsunami,Moderate,2,4.3,5471,2854,8325,7030931,634,19294.0,51.3,19242.7,0.002659,No,No
5427,2018-08-01,2018,Q3,8,August,India,Kolkata,22.57,88.36,Wildfire,Low,1,9.8,4691,33608,38299,8462361,16,2355.0,34.4,2320.6,0.014607,No,No
7957,2018-08-27,2018,Q3,8,August,India,Delhi,28.61,77.21,Tsunami,High,3,6.2,6566,26256,32822,1343442,29,29214.0,70.1,29143.9,0.0024,Yes,No
5738,2018-09-09,2018,Q3,9,September,India,Chennai,13.08,80.27,Wildfire,Low,1,3.4,965,35940,36905,928906,122,23684.0,82.6,23601.4,0.003488,No,No
4323,2018-09-24,2018,Q3,9,September,India,Mumbai,19.07,72.87,Heatwave,Moderate,2,1.6,5338,28431,33769,5859370,104,7094.0,47.3,7046.7,0.006668,No,No
8427,2018-09-24,2018,Q3,9,September,India,Delhi,28.61,77.21,Wildfire,Low,1,10.0,2390,33837,36227,4414775,258,28211.0,50.3,28160.7,0.001783,No,No
1445,2018-10-13,2018,Q4,10,October,India,Kolkata,22.57,88.36,Drought,High,3,1.8,7383,27367,34750,6213142,444,36269.0,34.0,36235.0,0.000937,No,No
5037,2018-11-10,2018,Q4,11,November,India,Mumbai,19.07,72.87,Tsunami,High,3,5.6,606,19688,20294,7939222,296,15665.0,61.0,15604.0,0.003894,No,No
6358,2018-11-26,2018,Q4,11,November,India,Chennai,13.08,80.27,Tsunami,High,3,6.2,4687,21407,26094,4589857,121,12239.0,16.1,12222.9,0.001315,No,No
3230,2018-12-05,2018,Q4,12,December,India,Kolkata,22.57,88.36,Tsunami,Moderate,2,6.4,3366,24373,27739,2353079,156,8282.0,0.2,8281.8,2.4e-05,No,No
3705,2018-12-11,2018,Q4,12,December,India,Delhi,28.61,77.21,Wildfire,Extreme,4,6.5,1496,12271,13767,8628729,227,30375.0,66.6,30308.4,0.002193,No,No
5784,2018-12-16,2018,Q4,12,December,India,Delhi,28.61,77.21,Wildfire,Extreme,4,1.4,7437,35668,43105,9035354,670,46100.0,55.4,46044.6,0.001202,No,No
8103,2019-01-09,2019,Q1,1,January,India,Kolkata,22.57,88.36,Earthquake,High,3,8.3,6811,13007,19818,268898,671,41.0,2.7,38.3,0.065854,No,Yes
5993,2019-01-12,2019,Q1,1,January,India,Delhi,28.61,77.21,Tsunami,High,3,6.9,4493,13991,18484,3845474,167,30922.0,82.8,30839.2,0.002678,Yes,No
9320,2019-01-21,2019,Q1,1,January,India,Kolkata,22.57,88.36,Landslide,Low,1,3.4,7661,34164,41825,3229688,715,19852.0,23.6,19828.4,0.001189,No,No
1338,2019-02-02,2019,Q1,2,February,India,Kolkata,22.57,88.36,Cyclone,Moderate,2,1.7,7682,1267,8949,2956024,45,45808.0,55.6,45752.4,0.001214,No,No
9787,2019-02-03,2019,Q1,2,February,India,Chennai,13.08,80.27,Earthquake,Moderate,2,9.0,1427,3367,4794,7816373,474,5883.0,11.5,5871.5,0.001955,No,No
9948,2019-02-09,2019,Q1,2,February,India,Delhi,28.61,77.21,Cyclone,Moderate,2,8.8,5762,8954,14716,8729503,348,35855.0,38.8,35816.2,0.001082,Yes,No
5140,2019-03-04,2019,Q1,3,March,India,Mumbai,19.07,72.87,Heatwave,Moderate,2,6.8,71,13234,13305,4428148,587,10278.0,52.2,10225.8,0.005079,No,No
2888,2019-03-13,2019,Q1,3,March,India,Delhi,28.61,77.21,Tsunami,Low,1,9.0,4605,4220,8825,3678439,719,16394.0,82.8,16311.2,0.005051,Yes,No
4049,2019-03-13,2019,Q1,3,March,India,Kolkata,22.57,88.36,Earthquake,High,3,8.0,2384,21188,23572,2875841,145,16309.0,96.1,16212.9,0.005892,No,No
718,2019-03-17,2019,Q1,3,March,India,Delhi,28.61,77.21,Drought,Extreme,4,3.9,1435,32783,34218,5748511,463,2227.0,12.8,2214.2,0.005748,No,No
7811,2019-03-19,2019,Q1,3,March,India,Kolkata,22.57,88.36,Earthquake,Moderate,2,7.2,4613,7086,11699,6185964,309,4983.0,91.6,4891.4,0.018383,No,No
1969,2019-03-31,2019,Q1,3,March,India,Delhi,28.61,77.21,Wildfire,Low,1,1.8,4018,20337,24355,1622996,200,17888.0,8.4,17879.6,0.00047,No,No
4716,2019-04-05,2019,Q2,4,April,India,Mumbai,19.07,72.87,Tsunami,Moderate,2,8.7,7752,34379,42131,5248859,8,3778.0,83.7,3694.3,0.022155,No,No
101,2019-04-16,2019,Q2,4,April,India,Chennai,13.08,80.27,Landslide,Moderate,2,9.5,7079,23840,30919,3309493,419,25611.0,20.9,25590.1,0.000816,No,No
6993,2019-04-18,2019,Q2,4,April,India,Mumbai,19.07,72.87,Drought,Moderate,2,8.9,5735,5488,11223,7120699,478,47018.0,38.3,46979.7,0.000815,No,No
5109,2019-04-24,2019,Q2,4,April,India,Kolkata,22.57,88.36,Heatwave,Moderate,2,6.7,1678,27839,29517,5973528,632,47162.0,76.2,47085.8,0.001616,No,No
1094,2019-05-06,2019,Q2,5,May,India,Delhi,28.61,77.21,Wildfire,Low,1,4.0,5184,16541,21725,2899517,486,3653.0,89.4,3563.6,0.024473,No,No
2196,2019-05-24,2019,Q2,5,May,India,Delhi,28.61,77.21,Landslide,Moderate,2,5.0,1782,2699,4481,8921169,182,11928.0,35.1,11892.9,0.002943,No,No
4359,2019-05-26,2019,Q2,5,May,India,Kolkata,22.57,88.36,Earthquake,High,3,5.2,2441,22570,25011,8583804,129,12501.0,79.1,12421.9,0.006327,No,No
154,2019-06-08,2019,Q2,6,June,India,Delhi,28.61,77.21,Heatwave,Moderate,2,3.7,5528,23076,28604,9734725,116,17382.0,23.0,17359.0,0.001323,No,No
3865,2019-06-16,2019,Q2,6,June,India,Chennai,13.08,80.27,Tsunami,High,3,5.6,5854,14232,20086,8672083,413,33507.0,63.9,33443.1,0.001907,No,No
6072,2019-06-26,2019,Q2,6,June,India,Delhi,28.61,77.21,Heatwave,High,3,3.2,1957,24852,26809,5728131,283,25153.0,89.9,25063.1,0.003574,No,No
916,2019-07-01,2019,Q3,7,July,India,Delhi,28.61,77.21,Drought,Moderate,2,9.7,6031,9492,15523,9929216,84,42239.0,79.0,42160.0,0.00187,No,No
4268,2019-07-03,2019,Q3,7,July,India,Delhi,28.61,77.21,Landslide,High,3,5.4,3155,881,4036,5946780,216,7835.0,16.8,7818.2,0.002144,No,No
8210,2019-07-08,2019,Q3,7,July,India,Kolkata,22.57,88.36,Landslide,Extreme,4,4.7,1315,32584,33899,4678645,67,15436.0,41.3,15394.7,0.002676,No,No
1539,2019-07-11,2019,Q3,7,July,India,Delhi,28.61,77.21,Flood,Low,1,3.9,4060,19753,23813,880577,421,35366.0,9.5,35356.5,0.000269,No,No
3072,2019-07-12,2019,Q3,7,July,India,Chennai,13.08,80.27,Flood,High,3,2.3,1019,12462,13481,2627047,590,15893.0,48.0,15845.0,0.00302,No,No
8843,2019-07-12,2019,Q3,7,July,India,Chennai,13.08,80.27,Cyclone,Moderate,2,1.7,7091,13622,20713,402361,143,43994.0,65.1,43928.9,0.00148,No,No
8802,2019-07-14,2019,Q3,7,July,India,Kolkata,22.57,88.36,Wildfire,Moderate,2,6.8,6779,5229,12008,4565171,622,35661.0,54.0,35607.0,0.001514,No,No
71,2019-07-16,2019,Q3,7,July,India,Mumbai,19.07,72.87,Flood,High,3,4.5,7337,31016,38353,9852186,5,32106.0,7.5,32098.5,0.000234,No,No
3817,2019-08-03,2019,Q3,8,August,India,Chennai,13.08,80.27,Landslide,Low,1,4.8,1473,38854,40327,9445097,14,3713.0,1.6,3711.4,0.000431,No,No
625,2019-08-07,2019,Q3,8,August,India,Delhi,28.61,77.21,Earthquake,Low,1,6.6,5681,14080,19761,9859419,289,47257.0,69.4,47187.6,0.001469,No,No
2158,2019-08-09,2019,Q3,8,August,India,Kolkata,22.57,88.36,Landslide,Moderate,2,6.7,1960,27452,29412,7488970,632,32838.0,75.1,32762.9,0.002287,No,No
3069,2019-08-09,2019,Q3,8,August,India,Chennai,13.08,80.27,Earthquake,Moderate,2,7.7,3951,22664,26615,988115,459,39658.0,95.7,39562.3,0.002413,No,No
3386,2019-08-12,2019,Q3,8,August,India,Delhi,28.61,77.21,Earthquake,Low,1,8.8,2672,24453,27125,5560246,327,36174.0,43.5,36130.5,0.001203,No,No
1786,2019-08-26,2019,Q3,8,August,India,Kolkata,22.57,88.36,Heatwave,Moderate,2,5.6,2654,15231,17885,5834357,131,16509.0,67.0,16442.0,0.004058,No,No
4859,2019-08-30,2019,Q3,8,August,India,Kolkata,22.57,88.36,Landslide,High,3,8.5,3222,11597,14819,9524483,354,22293.0,7.1,22285.9,0.000318,No,No
5749,2019-09-18,2019,Q3,9,September,India,Kolkata,22.57,88.36,Tsunami,Extreme,4,8.7,224,22251,22475,3305446,116,28686.0,16.9,28669.1,0.000589,No,No
5887,2019-10-03,2019,Q4,10,October,India,Delhi,28.61,77.21,Landslide,High,3,8.0,187,5301,5488,4471581,561,44220.0,61.8,44158.2,0.001398,No,No
4908,2019-10-07,2019,Q4,10,October,India,Delhi,28.61,77.21,Flood,Low,1,2.8,5683,32106,37789,4574032,257,44020.0,11.5,44008.5,0.000261,No,No
2054,2019-10-15,2019,Q4,10,October,India,Kolkata,22.57,88.36,Cyclone,Moderate,2,7.1,2443,31221,33664,5156066,159,44576.0,4.6,44571.4,0.000103,No,No
7977,2019-10-21,2019,Q4,10,October,India,Kolkata,22.57,88.36,Drought,Moderate,2,6.9,2616,6742,9358,719716,207,47576.0,41.9,47534.1,0.000881,No,No
4762,2019-10-25,2019,Q4,10,October,India,Kolkata,22.57,88.36,Drought,Moderate,2,7.1,4521,16614,21135,2845689,599,10312.0,19.8,10292.2,0.00192,No,No
3148,2019-10-30,2019,Q4,10,October,India,Delhi,28.61,77.21,Flood,High,3,1.7,4746,1184,5930,3055343,484,5646.0,92.5,5553.5,0.016383,No,No
771,2019-11-01,2019,Q4,11,November,India,Kolkata,22.57,88.36,Heatwave,Moderate,2,2.4,6868,1084,7952,7575480,606,9281.0,3.7,9277.3,0.000399,No,No
5723,2019-11-06,2019,Q4,11,November,India,Chennai,13.08,80.27,Earthquake,Low,1,5.9,4567,25264,29831,5379507,141,10411.0,91.7,10319.3,0.008808,No,No
773,2019-11-29,2019,Q4,11,November,India,Delhi,28.61,77.21,Earthquake,High,3,8.4,34,34358,34392,7005531,496,7318.0,82.9,7235.1,0.011328,No,No
4347,2019-12-17,2019,Q4,12,December,India,Mumbai,19.07,72.87,Tsunami,High,3,5.0,5724,30119,35843,9876562,640,21970.0,1.3,21968.7,5.9e-05,No,No
3791,2019-12-28,2019,Q4,12,December,India,Mumbai,19.07,72.87,Drought,Moderate,2,4.1,4733,35611,40344,5356494,118,37165.0,91.0,37074.0,0.002449,No,No
3035,2020-01-07,2020,Q1,1,January,India,Chennai,13.08,80.27,Drought,Low,1,3.4,1326,39381,40707,1375697,358,13277.0,41.4,13235.6,0.003118,No,No
5398,2020-01-08,2020,Q1,1,January,India,Kolkata,22.57,88.36,Landslide,Moderate,2,5.6,2142,37434,39576,9270145,238,128.0,1.7,126.3,0.013281,No,No
9738,2020-01-22,2020,Q1,1,January,India,Delhi,28.61,77.21,Heatwave,High,3,5.3,4715,27578,32293,8328502,10,49040.0,6.8,49033.2,0.000139,No,No
7080,2020-01-30,2020,Q1,1,January,India,Mumbai,19.07,72.87,Drought,Low,1,7.3,6780,36769,43549,35702,186,11588.0,44.0,11544.0,0.003797,No,No
956,2020-02-09,2020,Q1,2,February,India,Delhi,28.61,77.21,Drought,Low,1,7.4,7177,23453,30630,9223461,265,28624.0,46.3,28577.7,0.001618,No,No
8755,2020-02-12,2020,Q1,2,February,India,Delhi,28.61,77.21,Landslide,Low,1,8.9,377,32611,32988,9518945,86,922.0,63.7,858.3,0.069089,No,Yes
7836,2020-02-14,2020,Q1,2,February,India,Mumbai,19.07,72.87,Drought,High,3,10.0,540,6395,6935,539806,420,29056.0,15.5,29040.5,0.000533,No,No
7935,2020-03-05,2020,Q1,3,March,India,Chennai,13.08,80.27,Earthquake,Low,1,8.5,5547,35089,40636,7345516,406,3610.0,85.6,3524.4,0.023712,No,No
3121,2020-03-06,2020,Q1,3,March,India,Delhi,28.61,77.21,Drought,Extreme,4,7.9,2065,33771,35836,6194975,139,21564.0,22.8,21541.2,0.001057,No,No
9461,2020-03-07,2020,Q1,3,March,India,Mumbai,19.07,72.87,Landslide,Moderate,2,4.0,4596,9343,13939,9577045,399,33524.0,19.6,33504.4,0.000585,No,No
4949,2020-04-04,2020,Q2,4,April,India,Mumbai,19.07,72.87,Heatwave,High,3,4.6,7947,5079,13026,8327889,171,9573.0,89.0,9484.0,0.009297,No,No
5223,2020-04-09,2020,Q2,4,April,India,Mumbai,19.07,72.87,Flood,Extreme,4,1.4,5883,7681,13564,8361507,404,13573.0,78.3,13494.7,0.005769,No,No
9922,2020-04-09,2020,Q2,4,April,India,Delhi,28.61,77.21,Heatwave,Moderate,2,9.4,3876,16576,20452,2901427,466,15865.0,90.1,15774.9,0.005679,No,No
6519,2020-04-16,2020,Q2,4,April,India,Kolkata,22.57,88.36,Tsunami,Low,1,8.9,2045,20392,22437,366110,621,4855.0,62.1,4792.9,0.012791,No,No
2090,2020-05-08,2020,Q2,5,May,India,Kolkata,22.57,88.36,Tsunami,High,3,8.5,4165,26241,30406,5078491,142,12398.0,81.8,12316.2,0.006598,No,No
8226,2020-05-17,2020,Q2,5,May,India,Kolkata,22.57,88.36,Tsunami,Moderate,2,4.7,1995,10423,12418,1822640,225,22433.0,37.8,22395.2,0.001685,No,No
4591,2020-05-19,2020,Q2,5,May,India,Mumbai,19.07,72.87,Earthquake,Moderate,2,5.7,6450,25635,32085,752014,289,23151.0,52.6,23098.4,0.002272,No,No
6655,2020-05-29,2020,Q2,5,May,India,Kolkata,22.57,88.36,Heatwave,Low,1,4.3,3960,16013,19973,1617535,87,40654.0,40.6,40613.4,0.000999,No,No
1205,2020-06-01,2020,Q2,6,June,India,Chennai,13.08,80.27,Drought,Low,1,1.9,7371,25745,33116,7230951,508,13807.0,97.8,13709.2,0.007083,No,No
6124,2020-06-01,2020,Q2,6,June,India,Mumbai,19.07,72.87,Heatwave,Low,1,3.2,6180,14934,21114,8576328,322,7099.0,68.8,7030.2,0.009692,No,No
2548,2020-06-15,2020,Q2,6,June,India,Kolkata,22.57,88.36,Landslide,Low,1,4.4,1068,33972,35040,6989090,262,6361.0,14.8,6346.2,0.002327,No,No
6811,2020-07-08,2020,Q3,7,July,India,Delhi,28.61,77.21,Earthquake,Low,1,4.7,4388,39598,43986,4287062,587,34570.0,53.0,34517.0,0.001533,No,No
6440,2020-07-24,2020,Q3,7,July,India,Delhi,28.61,77.21,Flood,Moderate,2,1.9,2635,18585,21220,7078927,358,7838.0,18.0,7820.0,0.002297,No,No
4797,2020-07-25,2020,Q3,7,July,India,Delhi,28.61,77.21,Wildfire,High,3,5.9,2077,30246,32323,375743,533,48607.0,8.6,48598.4,0.000177,No,No
2572,2020-08-05,2020,Q3,8,August,India,Chennai,13.08,80.27,Tsunami,Low,1,7.3,3418,6447,9865,4216707,226,41018.0,60.0,40958.0,0.001463,No,No
3578,2020-08-10,2020,Q3,8,August,India,Mumbai,19.07,72.87,Landslide,Moderate,2,9.7,1552,22480,24032,4443830,412,32848.0,18.2,32829.8,0.000554,No,No
7112,2020-08-13,2020,Q3,8,August,India,Delhi,28.61,77.21,Flood,Low,1,1.4,1492,33780,35272,4121517,601,13742.0,24.3,13717.7,0.001768,No,No
1396,2020-09-01,2020,Q3,9,September,India,Mumbai,19.07,72.87,Drought,Moderate,2,1.5,6524,12464,18988,7130722,488,5000.0,95.5,4904.5,0.0191,No,No
9729,2020-09-06,2020,Q3,9,September,India,Delhi,28.61,77.21,Cyclone,Low,1,4.3,7627,25246,32873,9903926,173,14310.0,87.5,14222.5,0.006115,Yes,No
8909,2020-09-11,2020,Q3,9,September,India,Delhi,28.61,77.21,Heatwave,Moderate,2,1.2,3810,54,3864,2297579,689,22092.0,59.1,22032.9,0.002675,No,No
2804,2020-10-03,2020,Q4,10,October,India,Kolkata,22.57,88.36,Landslide,High,3,9.8,3933,34088,38021,8070425,304,24707.0,6.1,24700.9,0.000247,No,No
6787,2020-10-05,2020,Q4,10,October,India,Kolkata,22.57,88.36,Drought,High,3,7.0,620,22271,22891,7889550,720,42027.0,80.7,41946.3,0.00192,No,No
2164,2020-10-08,2020,Q4,10,October,India,Chennai,13.08,80.27,Drought,High,3,7.1,1995,31394,33389,8272084,186,9037.0,51.7,8985.3,0.005721,No,No
9373,2020-10-08,2020,Q4,10,October,India,Mumbai,19.07,72.87,Cyclone,High,3,6.7,1918,39844,41762,2909996,592,41770.0,94.6,41675.4,0.002265,No,No
2356,2020-10-16,2020,Q4,10,October,India,Delhi,28.61,77.21,Flood,Moderate,2,7.7,5879,34089,39968,4118973,308,38094.0,79.5,38014.5,0.002087,No,No
5183,2020-10-20,2020,Q4,10,October,India,Mumbai,19.07,72.87,Drought,Extreme,4,4.6,3638,23906,27544,1900115,216,21159.0,21.5,21137.5,0.001016,No,No
8292,2020-10-21,2020,Q4,10,October,India,Kolkata,22.57,88.36,Wildfire,Low,1,7.1,2711,38867,41578,5904632,400,9081.0,1.9,9079.1,0.000209,No,No
4609,2020-11-16,2020,Q4,11,November,India,Kolkata,22.57,88.36,Cyclone,High,3,7.9,7417,6253,13670,1958402,417,48585.0,10.6,48574.4,0.000218,No,No
7803,2020-11-17,2020,Q4,11,November,India,Mumbai,19.07,72.87,Earthquake,Moderate,2,6.0,3590,18202,21792,9213808,541,41418.0,8.7,41409.3,0.00021,No,No
2312,2020-11-18,2020,Q4,11,November,India,Kolkata,22.57,88.36,Earthquake,Moderate,2,4.7,3904,19322,23226,2222335,609,47374.0,46.3,47327.7,0.000977,No,No
5012,2020-11-24,2020,Q4,11,November,India,Delhi,28.61,77.21,Drought,Moderate,2,9.2,155,13333,13488,3771238,94,24015.0,7.6,24007.4,0.000316,No,No
3882,2020-12-06,2020,Q4,12,December,India,Delhi,28.61,77.21,Drought,Moderate,2,4.9,410,8840,9250,8661402,452,37320.0,2.8,37317.2,7.5e-05,No,No
9799,2020-12-15,2020,Q4,12,December,India,Mumbai,19.07,72.87,Drought,High,3,5.5,2579,37629,40208,4167995,147,38779.0,33.0,38746.0,0.000851,No,No
7615,2021-01-04,2021,Q1,1,January,India,Kolkata,22.57,88.36,Heatwave,Moderate,2,2.4,724,21163,21887,3494052,436,4159.0,4.4,4154.6,0.001058,No,No
5389,2021-01-06,2021,Q1,1,January,India,Chennai,13.08,80.27,Earthquake,High,3,7.6,4190,9479,13669,4161679,369,25229.0,93.4,25135.6,0.003702,No,No
9058,2021-01-16,2021,Q1,1,January,India,Mumbai,19.07,72.87,Earthquake,High,3,6.9,5135,12768,17903,2311530,607,1113.0,27.7,1085.3,0.024888,No,No
7748,2021-01-30,2021,Q1,1,January,India,Chennai,13.08,80.27,Flood,Moderate,2,6.6,4992,115,5107,2094572,207,47988.0,79.1,47908.9,0.001648,No,No
373,2021-02-26,2021,Q1,2,February,India,Kolkata,22.57,88.36,Flood,Moderate,2,8.6,2703,4524,7227,1051951,645,13049.0,5.2,13043.8,0.000398,No,No
4752,2021-03-06,2021,Q1,3,March,India,Delhi,28.61,77.21,Earthquake,High,3,7.6,2098,27447,29545,9499328,457,17430.0,55.0,17375.0,0.003155,No,No
1486,2021-03-11,2021,Q1,3,March,India,Chennai,13.08,80.27,Tsunami,Moderate,2,7.2,711,19057,19768,2449364,322,45909.0,76.8,45832.2,0.001673,No,No
6802,2021-03-20,2021,Q1,3,March,India,Mumbai,19.07,72.87,Heatwave,Low,1,6.9,5880,13357,19237,5989527,364,36133.0,40.1,36092.9,0.00111,No,No
770,2021-03-24,2021,Q1,3,March,India,Mumbai,19.07,72.87,Landslide,Low,1,9.6,5456,19598,25054,231536,729,39953.0,82.9,39870.1,0.002075,No,No
1920,2021-03-24,2021,Q1,3,March,India,Chennai,13.08,80.27,Landslide,High,3,2.3,7462,38047,45509,3785136,365,19908.0,28.7,19879.3,0.001442,No,No
1123,2021-04-11,2021,Q2,4,April,India,Mumbai,19.07,72.87,Flood,Moderate,2,6.3,4988,154,5142,4787100,30,18845.0,42.4,18802.6,0.00225,No,No
3300,2021-04-12,2021,Q2,4,April,India,Chennai,13.08,80.27,Cyclone,High,3,4.3,878,21948,22826,6433050,71,28966.0,88.1,28877.9,0.003041,No,No
8467,2021-05-14,2021,Q2,5,May,India,Delhi,28.61,77.21,Landslide,Extreme,4,2.2,5076,22937,28013,5987852,57,28798.0,26.0,28772.0,0.000903,No,No
4473,2021-05-25,2021,Q2,5,May,India,Delhi,28.61,77.21,Tsunami,High,3,7.8,37,23127,23164,2712632,570,8664.0,58.5,8605.5,0.006752,Yes,No
1796,2021-06-01,2021,Q2,6,June,India,Kolkata,22.57,88.36,Drought,Low,1,1.6,5784,13990,19774,7124984,563,11655.0,88.7,11566.3,0.00761,No,No
1869,2021-06-02,2021,Q2,6,June,India,Kolkata,22.57,88.36,Flood,Low,1,8.4,6998,34672,41670,2469335,153,13073.0,24.9,13048.1,0.001905,No,No
6417,2021-06-05,2021,Q2,6,June,India,Mumbai,19.07,72.87,Landslide,Moderate,2,2.9,2038,35215,37253,1695166,656,12937.0,67.2,12869.8,0.005194,No,No
3624,2021-06-08,2021,Q2,6,June,India,Mumbai,19.07,72.87,Flood,Extreme,4,7.4,1940,18231,20171,2021870,43,39366.0,57.4,39308.6,0.001458,No,No
330,2021-06-10,2021,Q2,6,June,India,Kolkata,22.57,88.36,Tsunami,Moderate,2,7.8,4474,24896,29370,3934159,392,41260.0,36.4,41223.6,0.000882,No,No
5689,2021-07-14,2021,Q3,7,July,India,Chennai,13.08,80.27,Tsunami,Low,1,4.0,1242,16625,17867,7755216,188,9876.0,16.4,9859.6,0.001661,No,No
6896,2021-07-19,2021,Q3,7,July,India,Kolkata,22.57,88.36,Drought,High,3,1.8,1648,13245,14893,5267564,114,16404.0,26.2,16377.8,0.001597,No,No
1845,2021-07-23,2021,Q3,7,July,India,Chennai,13.08,80.27,Cyclone,High,3,4.4,7524,23161,30685,6175037,183,34080.0,55.6,34024.4,0.001631,No,No
6854,2021-07-24,2021,Q3,7,July,India,Delhi,28.61,77.21,Wildfire,Moderate,2,3.9,5806,16231,22037,3735197,82,38612.0,34.7,38577.3,0.000899,No,No
6163,2021-07-30,2021,Q3,7,July,India,Delhi,28.61,77.21,Landslide,High,3,3.0,3229,17861,21090,7866114,542,41625.0,18.6,41606.4,0.000447,No,No
1859,2021-08-02,2021,Q3,8,August,India,Mumbai,19.07,72.87,Flood,Moderate,2,2.1,4559,14503,19062,9015140,235,951.0,82.1,868.9,0.08633,No,Yes
6602,2021-08-03,2021,Q3,8,August,India,Chennai,13.08,80.27,Cyclone,High,3,4.2,3091,4060,7151,8287190,6,44923.0,61.2,44861.8,0.001362,No,No
7610,2021-08-05,2021,Q3,8,August,India,Chennai,13.08,80.27,Cyclone,Low,1,8.6,5679,24554,30233,8141198,406,35385.0,65.7,35319.3,0.001857,No,No
8687,2021-08-07,2021,Q3,8,August,India,Kolkata,22.57,88.36,Wildfire,Moderate,2,8.3,5915,9763,15678,1131625,273,2996.0,12.1,2983.9,0.004039,No,No
3187,2021-08-09,2021,Q3,8,August,India,Chennai,13.08,80.27,Tsunami,Moderate,2,8.3,3450,22831,26281,710085,621,10915.0,47.1,10867.9,0.004315,No,No
5812,2021-08-17,2021,Q3,8,August,India,Kolkata,22.57,88.36,Tsunami,Low,1,6.8,7556,6291,13847,2791861,522,44458.0,98.4,44359.6,0.002213,No,No
1636,2021-08-19,2021,Q3,8,August,India,Mumbai,19.07,72.87,Cyclone,Moderate,2,7.6,5740,25346,31086,8618789,663,39679.0,91.6,39587.4,0.002309,No,No
1838,2021-08-24,2021,Q3,8,August,India,Mumbai,19.07,72.87,Wildfire,Extreme,4,5.3,5799,20836,26635,3268304,89,21929.0,42.2,21886.8,0.001924,No,No
5873,2021-08-25,2021,Q3,8,August,India,Kolkata,22.57,88.36,Cyclone,Moderate,2,7.8,5088,7102,12190,709126,180,37970.0,6.2,37963.8,0.000163,No,No
5615,2021-09-11,2021,Q3,9,September,India,Chennai,13.08,80.27,Drought,Low,1,9.5,3067,19606,22673,8632823,533,13144.0,68.1,13075.9,0.005181,No,No
6487,2021-09-12,2021,Q3,9,September,India,Delhi,28.61,77.21,Landslide,High,3,3.7,6612,1901,8513,3235215,74,1757.0,7.8,1749.2,0.004439,No,No
5216,2021-09-13,2021,Q3,9,September,India,Mumbai,19.07,72.87,Earthquake,Moderate,2,6.3,858,6957,7815,3772740,312,48969.0,55.2,48913.8,0.001127,No,No
960,2021-09-25,2021,Q3,9,September,India,Mumbai,19.07,72.87,Drought,Low,1,5.4,7933,34440,42373,7958000,503,240.0,3.8,236.2,0.015833,No,No
6103,2021-09-25,2021,Q3,9,September,India,Kolkata,22.57,88.36,Tsunami,High,3,6.5,1089,27229,28318,4437915,317,17881.0,45.5,17835.5,0.002545,No,No
5605,2021-10-07,2021,Q4,10,October,India,Delhi,28.61,77.21,Drought,Moderate,2,7.7,841,3539,4380,6383593,31,39483.0,33.2,39449.8,0.000841,No,No
5772,2021-10-09,2021,Q4,10,October,India,Chennai,13.08,80.27,Tsunami,Low,1,5.1,3774,17870,21644,2859923,493,16953.0,42.8,16910.2,0.002525,No,No
3811,2021-10-12,2021,Q4,10,October,India,Delhi,28.61,77.21,Cyclone,High,3,6.4,4521,14475,18996,1846592,578,19450.0,90.1,19359.9,0.004632,Yes,No
9884,2021-10-12,2021,Q4,10,October,India,Mumbai,19.07,72.87,Landslide,Low,1,9.0,1091,26228,27319,1859005,182,6481.0,52.1,6428.9,0.008039,No,No
1106,2021-10-14,2021,Q4,10,October,India,Delhi,28.61,77.21,Tsunami,Extreme,4,8.1,2878,16374,19252,9961531,285,7635.0,13.7,7621.3,0.001794,Yes,No
5382,2021-10-21,2021,Q4,10,October,India,Delhi,28.61,77.21,Landslide,Extreme,4,9.1,319,17338,17657,6615977,117,13234.0,29.4,13204.6,0.002222,No,No
8627,2021-10-23,2021,Q4,10,October,India,Mumbai,19.07,72.87,Cyclone,Moderate,2,8.3,6446,16177,22623,6719028,376,222.0,58.2,163.8,0.262162,No,Yes
726,2021-11-06,2021,Q4,11,November,India,Mumbai,19.07,72.87,Drought,Low,1,9.8,5153,38387,43540,7210092,252,12633.0,50.1,12582.9,0.003966,No,No
7690,2021-11-12,2021,Q4,11,November,India,Mumbai,19.07,72.87,Tsunami,Low,1,6.4,1301,22984,24285,2252601,226,39374.0,82.7,39291.3,0.0021,No,No
2329,2021-11-25,2021,Q4,11,November,India,Mumbai,19.07,72.87,Flood,High,3,8.0,5943,14170,20113,2354042,730,43161.0,76.4,43084.6,0.00177,No,No
7243,2021-12-01,2021,Q4,12,December,India,Delhi,28.61,77.21,Tsunami,Moderate,2,7.3,6168,12417,18585,3493563,39,23790.0,25.4,23764.6,0.001068,Yes,No
4308,2021-12-03,2021,Q4,12,December,India,Delhi,28.61,77.21,Tsunami,Low,1,4.1,2898,38294,41192,2536573,540,9893.0,0.7,9892.3,7.1e-05,Yes,No
9870,2021-12-03,2021,Q4,12,December,India,Mumbai,19.07,72.87,Heatwave,Moderate,2,8.7,1820,29499,31319,4385559,704,16483.0,79.8,16403.2,0.004841,No,No
8622,2021-12-07,2021,Q4,12,December,India,Mumbai,19.07,72.87,Heatwave,High,3,5.4,3250,21453,24703,6228992,597,2197.0,84.2,2112.8,0.038325,No,No
7287,2021-12-13,2021,Q4,12,December,India,Mumbai,19.07,72.87,Wildfire,Moderate,2,3.2,3782,5742,9524,8481550,578,9004.0,87.4,8916.6,0.009707,No,No
8237,2021-12-18,2021,Q4,12,December,India,Mumbai,19.07,72.87,Flood,High,3,1.8,5453,21275,26728,1788983,378,37688.0,47.2,37640.8,0.001252,No,No
4226,2021-12-22,2021,Q4,12,December,India,Kolkata,22.57,88.36,Tsunami,Extreme,4,7.2,7545,38918,46463,7505645,177,43425.0,45.3,43379.7,0.001043,No,No
1951,2022-01-02,2022,Q1,1,January,India,Chennai,13.08,80.27,Earthquake,Moderate,2,4.3,5499,9817,15316,6395097,569,129.0,93.7,35.3,0.726357,No,Yes
1300,2022-01-04,2022,Q1,1,January,India,Kolkata,22.57,88.36,Earthquake,Low,1,6.0,7165,39329,46494,1535718,447,15252.0,2.2,15249.8,0.000144,No,No
9387,2022-01-06,2022,Q1,1,January,India,Mumbai,19.07,72.87,Landslide,Moderate,2,8.6,1086,37729,38815,3076476,180,14521.0,74.6,14446.4,0.005137,No,No
1856,2022-01-07,2022,Q1,1,January,India,Chennai,13.08,80.27,Earthquake,High,3,7.7,5736,35048,40784,754094,450,5256.0,96.7,5159.3,0.018398,No,No
5838,2022-01-13,2022,Q1,1,January,India,Kolkata,22.57,88.36,Cyclone,Moderate,2,6.2,5224,9359,14583,8862008,34,36826.0,16.4,36809.6,0.000445,No,No
3806,2022-01-18,2022,Q1,1,January,India,Chennai,13.08,80.27,Wildfire,Low,1,9.4,6519,38747,45266,1416201,712,15034.0,74.7,14959.3,0.004969,No,No
782,2022-02-11,2022,Q1,2,February,India,Chennai,13.08,80.27,Wildfire,Low,1,6.8,2470,37840,40310,9729869,570,38353.0,37.6,38315.4,0.00098,No,No
4272,2022-02-24,2022,Q1,2,February,India,Delhi,28.61,77.21,Tsunami,Extreme,4,6.9,6103,14810,20913,1047794,156,34376.0,23.7,34352.3,0.000689,Yes,No
1659,2022-02-25,2022,Q1,2,February,India,Delhi,28.61,77.21,Flood,Extreme,4,3.9,5213,9154,14367,2240283,203,48590.0,16.8,48573.2,0.000346,No,No
7784,2022-03-04,2022,Q1,3,March,India,Delhi,28.61,77.21,Heatwave,Extreme,4,6.1,7798,38982,46780,2437811,75,2075.0,11.3,2063.7,0.005446,No,No
9883,2022-03-12,2022,Q1,3,March,India,Chennai,13.08,80.27,Tsunami,Moderate,2,7.6,6149,17733,23882,3075404,704,41732.0,59.3,41672.7,0.001421,No,No
1703,2022-03-13,2022,Q1,3,March,India,Delhi,28.61,77.21,Landslide,Extreme,4,5.2,4477,16920,21397,2913390,245,369.0,20.6,348.4,0.055827,No,Yes
9437,2022-03-14,2022,Q1,3,March,India,Delhi,28.61,77.21,Heatwave,High,3,8.8,1115,21295,22410,8445364,614,7800.0,43.2,7756.8,0.005538,No,No
170,2022-03-26,2022,Q1,3,March,India,Kolkata,22.57,88.36,Heatwave,Moderate,2,8.4,3264,19687,22951,1821336,52,412.0,19.5,392.5,0.04733,No,No
5177,2022-05-13,2022,Q2,5,May,India,Chennai,13.08,80.27,Landslide,Low,1,2.9,6206,18685,24891,782040,670,10985.0,81.9,10903.1,0.007456,No,No
6404,2022-05-17,2022,Q2,5,May,India,Delhi,28.61,77.21,Landslide,Moderate,2,8.1,1056,7271,8327,7922066,643,27165.0,43.8,27121.2,0.001612,No,No
5528,2022-05-19,2022,Q2,5,May,India,Kolkata,22.57,88.36,Landslide,Extreme,4,1.2,755,38455,39210,5820615,325,39128.0,86.2,39041.8,0.002203,No,No
4089,2022-05-27,2022,Q2,5,May,India,Delhi,28.61,77.21,Cyclone,Moderate,2,4.0,4032,20156,24188,2646494,526,29101.0,97.6,29003.4,0.003354,Yes,No
6983,2022-05-28,2022,Q2,5,May,India,Delhi,28.61,77.21,Wildfire,Moderate,2,3.3,2467,31215,33682,6963110,497,27414.0,42.1,27371.9,0.001536,No,No
5982,2022-05-29,2022,Q2,5,May,India,Delhi,28.61,77.21,Drought,Moderate,2,2.0,7181,10851,18032,7916901,8,10542.0,51.0,10491.0,0.004838,No,No
9888,2022-06-13,2022,Q2,6,June,India,Chennai,13.08,80.27,Heatwave,Moderate,2,3.9,7006,3617,10623,4066013,269,17870.0,21.4,17848.6,0.001198,No,No
6180,2022-06-25,2022,Q2,6,June,India,Delhi,28.61,77.21,Earthquake,Low,1,9.2,6233,9541,15774,7110166,109,11299.0,35.7,11263.3,0.00316,No,No
3268,2022-06-27,2022,Q2,6,June,India,Mumbai,19.07,72.87,Landslide,Extreme,4,7.5,3244,7724,10968,2244184,386,6604.0,36.8,6567.2,0.005572,No,No
8330,2022-07-01,2022,Q3,7,July,India,Mumbai,19.07,72.87,Heatwave,Low,1,6.5,108,9624,9732,5906450,145,20386.0,23.9,20362.1,0.001172,No,No
9685,2022-07-11,2022,Q3,7,July,India,Kolkata,22.57,88.36,Flood,Low,1,4.5,5841,23132,28973,260687,627,7766.0,73.1,7692.9,0.009413,No,No
4520,2022-07-15,2022,Q3,7,July,India,Kolkata,22.57,88.36,Tsunami,Extreme,4,4.8,2778,20501,23279,2658826,615,44304.0,96.8,44207.2,0.002185,No,No
9289,2022-07-15,2022,Q3,7,July,India,Delhi,28.61,77.21,Wildfire,High,3,1.7,960,33257,34217,7255146,145,25822.0,97.6,25724.4,0.00378,No,No
2830,2022-07-21,2022,Q3,7,July,India,Chennai,13.08,80.27,Heatwave,Extreme,4,8.8,1765,10195,11960,9903291,401,33659.0,35.0,33624.0,0.00104,No,No
4549,2022-07-24,2022,Q3,7,July,India,Mumbai,19.07,72.87,Landslide,Moderate,2,6.6,7518,13773,21291,2213236,640,15235.0,71.4,15163.6,0.004687,No,No
1996,2022-07-30,2022,Q3,7,July,India,Delhi,28.61,77.21,Wildfire,High,3,8.7,7000,15282,22282,2214632,207,16928.0,74.0,16854.0,0.004371,No,No
6064,2022-07-31,2022,Q3,7,July,India,Kolkata,22.57,88.36,Wildfire,Moderate,2,7.8,6562,16443,23005,1628725,202,5447.0,40.8,5406.2,0.00749,No,No
1367,2022-08-22,2022,Q3,8,August,India,Mumbai,19.07,72.87,Cyclone,Low,1,8.3,2316,38750,41066,4776153,694,6954.0,6.3,6947.7,0.000906,No,No
6681,2022-09-01,2022,Q3,9,September,India,Mumbai,19.07,72.87,Landslide,Moderate,2,3.9,133,26385,26518,6316972,56,7865.0,98.2,7766.8,0.012486,No,No
6751,2022-09-16,2022,Q3,9,September,India,Kolkata,22.57,88.36,Earthquake,High,3,6.1,593,25791,26384,6650915,502,34008.0,83.3,33924.7,0.002449,No,No
6305,2022-09-17,2022,Q3,9,September,India,Delhi,28.61,77.21,Flood,Moderate,2,3.9,1610,25433,27043,3181196,192,33606.0,34.0,33572.0,0.001012,No,No
5925,2022-09-29,2022,Q3,9,September,India,Mumbai,19.07,72.87,Wildfire,Extreme,4,3.6,4360,21422,25782,5997422,66,41680.0,31.2,41648.8,0.000749,No,No
6457,2022-10-14,2022,Q4,10,October,India,Chennai,13.08,80.27,Drought,Moderate,2,4.5,5485,5150,10635,3713032,665,29190.0,6.8,29183.2,0.000233,No,No
981,2022-11-01,2022,Q4,11,November,India,Chennai,13.08,80.27,Earthquake,Low,1,7.3,2962,26500,29462,740558,464,49354.0,43.2,49310.8,0.000875,No,No
1428,2022-11-08,2022,Q4,11,November,India,Delhi,28.61,77.21,Earthquake,Low,1,4.1,3012,2021,5033,4217539,671,11765.0,69.1,11695.9,0.005873,No,No
7231,2022-11-28,2022,Q4,11,November,India,Chennai,13.08,80.27,Heatwave,High,3,4.3,3781,35116,38897,3244763,348,31577.0,31.4,31545.6,0.000994,No,No
4518,2022-12-09,2022,Q4,12,December,India,Delhi,28.61,77.21,Wildfire,Low,1,3.6,1515,39120,40635,3148886,635,18268.0,93.9,18174.1,0.00514,No,No
1288,2022-12-11,2022,Q4,12,December,India,Kolkata,22.57,88.36,Cyclone,High,3,3.4,1312,13898,15210,8608834,433,36581.0,52.2,36528.8,0.001427,No,No
4598,2023-01-01,2023,Q1,1,January,India,Delhi,28.61,77.21,Tsunami,Low,1,8.2,6489,24424,30913,1783480,50,11174.0,52.5,11121.5,0.004698,Yes,No
5473,2023-01-08,2023,Q1,1,January,India,Mumbai,19.07,72.87,Flood,Low,1,2.0,5258,35161,40419,6974329,624,42597.0,27.7,42569.3,0.00065,No,No
2533,2023-01-11,2023,Q1,1,January,India,Chennai,13.08,80.27,Earthquake,High,3,5.4,7202,398,7600,1890654,532,45914.0,77.1,45836.9,0.001679,No,No
9640,2023-02-06,2023,Q1,2,February,India,Chennai,13.08,80.27,Cyclone,High,3,5.6,1385,2259,3644,8160904,152,3632.0,33.8,3598.2,0.009306,No,No
7218,2023-02-16,2023,Q1,2,February,India,Mumbai,19.07,72.87,Drought,High,3,2.3,3078,18335,21413,849007,67,41986.0,25.2,41960.8,0.0006,No,No
7875,2023-02-17,2023,Q1,2,February,India,Delhi,28.61,77.21,Tsunami,Moderate,2,5.2,7290,35960,43250,9181821,182,47085.0,31.9,47053.1,0.000677,Yes,No
2241,2023-03-11,2023,Q1,3,March,India,Delhi,28.61,77.21,Flood,Extreme,4,8.6,752,11248,12000,859538,362,45287.0,1.8,45285.2,4e-05,No,No
1185,2023-03-26,2023,Q1,3,March,India,Kolkata,22.57,88.36,Heatwave,High,3,1.1,4934,32554,37488,1390242,150,5477.0,94.2,5382.8,0.017199,No,No
6149,2023-03-27,2023,Q1,3,March,India,Chennai,13.08,80.27,Drought,Low,1,6.8,1991,7436,9427,9335241,178,31965.0,38.5,31926.5,0.001204,No,No
5309,2023-04-20,2023,Q2,4,April,India,Mumbai,19.07,72.87,Wildfire,Moderate,2,1.9,6675,37411,44086,9541132,251,41704.0,92.9,41611.1,0.002228,No,No
3347,2023-04-28,2023,Q2,4,April,India,Mumbai,19.07,72.87,Tsunami,Moderate,2,4.4,762,31505,32267,8557737,362,30988.0,31.4,30956.6,0.001013,No,No
6327,2023-05-12,2023,Q2,5,May,India,Chennai,13.08,80.27,Tsunami,Extreme,4,4.4,2888,8380,11268,5164716,643,7277.0,71.6,7205.4,0.009839,No,No
5247,2023-05-19,2023,Q2,5,May,India,Kolkata,22.57,88.36,Flood,Extreme,4,3.2,1626,16015,17641,6231400,410,27839.0,41.2,27797.8,0.00148,No,No
4040,2023-05-27,2023,Q2,5,May,India,Mumbai,19.07,72.87,Tsunami,High,3,5.0,5951,10876,16827,8295798,268,33276.0,56.9,33219.1,0.00171,No,No
5179,2023-05-30,2023,Q2,5,May,India,Mumbai,19.07,72.87,Drought,Low,1,5.1,2518,23191,25709,7121657,122,45206.0,40.5,45165.5,0.000896,No,No
1056,2023-06-05,2023,Q2,6,June,India,Kolkata,22.57,88.36,Heatwave,Moderate,2,5.2,374,24156,24530,3460716,613,22720.0,64.8,22655.2,0.002852,No,No
1519,2023-06-07,2023,Q2,6,June,India,Delhi,28.61,77.21,Wildfire,High,3,4.4,3272,33239,36511,6778801,606,2528.0,16.1,2511.9,0.006369,No,No
9286,2023-06-08,2023,Q2,6,June,India,Mumbai,19.07,72.87,Earthquake,Moderate,2,4.6,3650,8515,12165,2333248,570,2580.0,36.2,2543.8,0.014031,No,No
8369,2023-07-03,2023,Q3,7,July,India,Mumbai,19.07,72.87,Flood,Moderate,2,9.7,6227,39599,45826,976568,230,40429.0,90.4,40338.6,0.002236,No,No
3700,2023-07-06,2023,Q3,7,July,India,Delhi,28.61,77.21,Flood,Low,1,9.1,5697,4762,10459,3869329,267,13385.0,94.1,13290.9,0.00703,No,No
1797,2023-07-25,2023,Q3,7,July,India,Delhi,28.61,77.21,Wildfire,Moderate,2,7.4,2469,585,3054,8316917,40,8423.0,98.6,8324.4,0.011706,No,No
4781,2023-07-28,2023,Q3,7,July,India,Chennai,13.08,80.27,Cyclone,Moderate,2,8.7,3017,24452,27469,904958,430,19124.0,75.2,19048.8,0.003932,No,No
1718,2023-08-12,2023,Q3,8,August,India,Chennai,13.08,80.27,Drought,Moderate,2,1.8,7916,38265,46181,9740700,711,31306.0,67.9,31238.1,0.002169,No,No
6073,2023-08-21,2023,Q3,8,August,India,Delhi,28.61,77.21,Heatwave,Low,1,1.3,2366,38578,40944,5807835,218,19613.0,16.9,19596.1,0.000862,No,No
5704,2023-08-28,2023,Q3,8,August,India,Kolkata,22.57,88.36,Flood,Extreme,4,5.5,3732,6798,10530,486834,334,33280.0,51.2,33228.8,0.001538,No,No
2987,2023-09-01,2023,Q3,9,September,India,Mumbai,19.07,72.87,Flood,Moderate,2,6.8,3568,18440,22008,2138786,496,5626.0,64.2,5561.8,0.011411,No,No
8654,2023-09-04,2023,Q3,9,September,India,Kolkata,22.57,88.36,Landslide,Moderate,2,8.4,3748,37662,41410,6247885,548,2696.0,73.0,2623.0,0.027077,No,No
9234,2023-09-12,2023,Q3,9,September,India,Mumbai,19.07,72.87,Flood,Moderate,2,4.9,3548,20637,24185,302475,358,15424.0,29.0,15395.0,0.00188,No,No
7321,2023-09-15,2023,Q3,9,September,India,Delhi,28.61,77.21,Heatwave,Moderate,2,8.5,5125,16201,21326,5583861,10,33465.0,39.5,33425.5,0.00118,No,No
4819,2023-09-21,2023,Q3,9,September,India,Kolkata,22.57,88.36,Wildfire,Moderate,2,5.8,2698,26590,29288,9983,416,7406.0,40.7,7365.3,0.005496,No,No
537,2023-09-30,2023,Q3,9,September,India,Mumbai,19.07,72.87,Cyclone,Moderate,2,9.7,6317,4134,10451,6428857,644,34932.0,87.6,34844.4,0.002508,No,No
3581,2023-10-05,2023,Q4,10,October,India,Delhi,28.61,77.21,Wildfire,Low,1,7.4,4847,3046,7893,2029516,593,3050.0,80.2,2969.8,0.026295,No,No
4249,2023-10-11,2023,Q4,10,October,India,Mumbai,19.07,72.87,Wildfire,High,3,5.6,2457,23292,25749,9970671,424,6899.0,54.9,6844.1,0.007958,No,No
7039,2023-10-20,2023,Q4,10,October,India,Kolkata,22.57,88.36,Tsunami,Low,1,8.0,2659,38858,41517,1557011,34,14167.0,12.6,14154.4,0.000889,No,No
4240,2023-10-22,2023,Q4,10,October,India,Delhi,28.61,77.21,Wildfire,Low,1,2.0,2795,30275,33070,3136524,68,31577.0,72.4,31504.6,0.002293,No,No
4637,2023-10-31,2023,Q4,10,October,India,Delhi,28.61,77.21,Drought,High,3,3.4,5883,18763,24646,5337145,83,22583.0,18.5,22564.5,0.000819,No,No
8388,2023-11-12,2023,Q4,11,November,India,Delhi,28.61,77.21,Cyclone,Low,1,4.4,6920,31575,38495,3072681,242,43628.0,88.2,43539.8,0.002022,Yes,No
244,2023-11-29,2023,Q4,11,November,India,Kolkata,22.57,88.36,Flood,Low,1,1.1,1825,2882,4707,2675323,182,38474.0,32.3,38441.7,0.00084,No,No
8151,2024-01-07,2024,Q1,1,January,India,Mumbai,19.07,72.87,Earthquake,Extreme,4,8.0,5271,10231,15502,7153901,589,8370.0,37.3,8332.7,0.004456,No,No
9188,2024-01-08,2024,Q1,1,January,India,Chennai,13.08,80.27,Flood,Moderate,2,9.6,1025,5233,6258,882253,711,23200.0,35.1,23164.9,0.001513,No,No
2990,2024-01-12,2024,Q1,1,January,India,Mumbai,19.07,72.87,Flood,Moderate,2,1.1,5956,38054,44010,4862742,543,49040.0,29.4,49010.6,0.0006,No,No
49,2024-02-15,2024,Q1,2,February,India,Chennai,13.08,80.27,Drought,Low,1,7.9,4797,34680,39477,2605698,615,43097.0,39.9,43057.1,0.000926,No,No
6878,2024-02-19,2024,Q1,2,February,India,Kolkata,22.57,88.36,Heatwave,Low,1,3.7,2349,32026,34375,8378860,343,41220.0,28.9,41191.1,0.000701,No,No
2179,2024-02-21,2024,Q1,2,February,India,Delhi,28.61,77.21,Cyclone,Moderate,2,3.8,770,14613,15383,7706299,403,19828.0,19.8,19808.2,0.000999,Yes,No
3141,2024-02-25,2024,Q1,2,February,India,Delhi,28.61,77.21,Wildfire,High,3,6.7,4389,12130,16519,463534,362,28599.0,71.7,28527.3,0.002507,No,No
7658,2024-03-02,2024,Q1,3,March,India,Mumbai,19.07,72.87,Tsunami,Moderate,2,7.1,1585,38586,40171,1552406,38,7920.0,74.7,7845.3,0.009432,No,No
4923,2024-03-06,2024,Q1,3,March,India,Kolkata,22.57,88.36,Tsunami,High,3,4.1,461,10140,10601,5061487,191,6070.0,31.9,6038.1,0.005255,No,No
4311,2024-03-19,2024,Q1,3,March,India,Mumbai,19.07,72.87,Heatwave,Low,1,1.0,2070,5782,7852,288669,287,32881.0,36.0,32845.0,0.001095,No,No
5115,2024-04-04,2024,Q2,4,April,India,Chennai,13.08,80.27,Heatwave,Extreme,4,7.3,508,4479,4987,4290421,563,5282.0,75.2,5206.8,0.014237,No,No
2318,2024-04-27,2024,Q2,4,April,India,Chennai,13.08,80.27,Landslide,Moderate,2,7.0,4079,22534,26613,3349515,331,30789.0,13.2,30775.8,0.000429,No,No
5765,2024-05-14,2024,Q2,5,May,India,Delhi,28.61,77.21,Drought,High,3,5.3,6454,19666,26120,2491452,546,24080.0,35.2,24044.8,0.001462,No,No
3237,2024-05-18,2024,Q2,5,May,India,Delhi,28.61,77.21,Landslide,High,3,5.4,4203,9472,13675,1742051,412,28828.0,65.7,28762.3,0.002279,No,No
4176,2024-06-02,2024,Q2,6,June,India,Mumbai,19.07,72.87,Flood,Extreme,4,3.0,5771,5686,11457,8146769,421,7845.0,30.8,7814.2,0.003926,No,No
4050,2024-06-12,2024,Q2,6,June,India,Delhi,28.61,77.21,Drought,Low,1,5.1,45,14134,14179,6868761,327,30538.0,38.2,30499.8,0.001251,No,No
2373,2024-06-24,2024,Q2,6,June,India,Chennai,13.08,80.27,Flood,Low,1,6.1,7369,395,7764,4325081,558,38551.0,35.0,38516.0,0.000908,No,No
4883,2024-06-25,2024,Q2,6,June,India,Delhi,28.61,77.21,Flood,Low,1,3.8,5032,5938,10970,8840025,488,4348.0,7.9,4340.1,0.001817,No,No
8938,2024-06-25,2024,Q2,6,June,India,Mumbai,19.07,72.87,Wildfire,High,3,9.6,3765,31088,34853,2068626,78,39650.0,81.3,39568.7,0.00205,No,No
1385,2024-07-03,2024,Q3,7,July,India,Chennai,13.08,80.27,Cyclone,Low,1,1.6,4047,33539,37586,3074840,202,1104.0,9.9,1094.1,0.008967,No,No
5283,2024-07-16,2024,Q3,7,July,India,Chennai,13.08,80.27,Earthquake,Moderate,2,4.6,6728,29969,36697,8834120,269,39671.0,38.0,39633.0,0.000958,No,No
1378,2024-07-19,2024,Q3,7,July,India,Delhi,28.61,77.21,Heatwave,Extreme,4,5.8,400,31158,31558,7874654,280,28000.0,66.0,27934.0,0.002357,No,No
6347,2024-07-20,2024,Q3,7,July,India,Kolkata,22.57,88.36,Drought,Moderate,2,7.8,3687,37530,41217,9695782,143,27826.0,84.5,27741.5,0.003037,No,No
5505,2024-07-23,2024,Q3,7,July,India,Kolkata,22.57,88.36,Heatwave,High,3,3.4,4230,32505,36735,8609762,142,32412.0,74.8,32337.2,0.002308,No,No
5678,2024-08-22,2024,Q3,8,August,India,Chennai,13.08,80.27,Wildfire,Low,1,10.0,2558,34116,36674,3064277,167,29164.0,37.5,29126.5,0.001286,No,No
1850,2024-09-29,2024,Q3,9,September,India,Kolkata,22.57,88.36,Cyclone,High,3,3.9,3267,15152,18419,8289826,586,11379.0,54.0,11325.0,0.004746,No,No
7722,2024-10-01,2024,Q4,10,October,India,Chennai,13.08,80.27,Landslide,Moderate,2,9.1,4539,21254,25793,5049281,602,41737.0,90.9,41646.1,0.002178,No,No
2106,2024-10-14,2024,Q4,10,October,India,Delhi,28.61,77.21,Wildfire,Low,1,7.8,3877,21872,25749,5311305,49,9875.0,0.3,9874.7,3e-05,No,No
6482,2024-11-05,2024,Q4,11,November,India,Chennai,13.08,80.27,Drought,Extreme,4,9.7,7703,15105,22808,4836167,530,47090.0,27.4,47062.6,0.000582,No,No
9815,2024-11-06,2024,Q4,11,November,India,Kolkata,22.57,88.36,Landslide,Low,1,8.3,6689,35180,41869,830833,343,695.0,57.6,637.4,0.082878,No,Yes
5405,2024-11-20,2024,Q4,11,November,India,Mumbai,19.07,72.87,Tsunami,High,3,8.9,3554,16069,19623,4856246,100,34712.0,38.7,34673.3,0.001115,No,No
9653,2024-11-20,2024,Q4,11,November,India,Delhi,28.61,77.21,Flood,High,3,3.6,5885,11856,17741,7368362,595,49863.0,7.4,49855.6,0.000148,No,No
451,2024-11-26,2024,Q4,11,November,India,Mumbai,19.07,72.87,Tsunami,Moderate,2,4.2,5334,23887,29221,2434299,334,25390.0,75.9,25314.1,0.002989,No,No
4676,2024-12-04,2024,Q4,12,December,India,Mumbai,19.07,72.87,Landslide,Moderate,2,4.9,5256,31056,36312,7461895,713,34570.0,45.7,34524.3,0.001322,No,No
5387,2024-12-05,2024,Q4,12,December,India,Kolkata,22.57,88.36,Flood,Moderate,2,1.6,4483,21708,26191,4547146,255,47262.0,70.4,47191.6,0.00149,No,No
5962,2024-12-07,2024,Q4,12,December,India,Delhi,28.61,77.21,Cyclone,High,3,4.5,7128,11837,18965,4781688,480,28078.0,90.6,27987.4,0.003227,Yes,No
5496,2024-12-12,2024,Q4,12,December,India,Kolkata,22.57,88.36,Tsunami,Extreme,4,4.7,886,16512,17398,3059254,278,13763.0,64.3,13698.7,0.004672,No,No
5737,2024-12-19,2024,Q4,12,December,India,Chennai,13.08,80.27,Earthquake,Extreme,4,5.5,6026,5718,11744,8733229,214,13369.0,25.1,13343.9,0.001877,No,No
676,2024-12-21,2024,Q4,12,December,India,Delhi,28.61,77.21,Cyclone,Low,1,1.6,756,24926,25682,2564813,314,34582.0,37.1,34544.9,0.001073,Yes,No
6513,2025-01-17,2025,Q1,1,January,India,Chennai,13.08,80.27,Drought,Low,1,4.4,394,10571,10965,1042029,705,19631.0,36.0,19595.0,0.001834,No,No
8719,2025-01-18,2025,Q1,1,January,India,Kolkata,22.57,88.36,Tsunami,Low,1,7.4,1011,28056,29067,5593372,227,31445.0,7.0,31438.0,0.000223,No,No
7294,2025-02-05,2025,Q1,2,February,India,Mumbai,19.07,72.87,Flood,Low,1,5.3,3579,38421,42000,1614076,352,44893.0,18.7,44874.3,0.000417,No,No
1182,2025-02-13,2025,Q1,2,February,India,Mumbai,19.07,72.87,Heatwave,High,3,6.6,5741,27698,33439,4258128,5,49552.0,35.1,49516.9,0.000708,No,No
6218,2025-03-07,2025,Q1,3,March,India,Delhi,28.61,77.21,Flood,High,3,8.4,7699,24647,32346,9110088,498,29840.0,19.0,29821.0,0.000637,No,No
2585,2025-03-08,2025,Q1,3,March,India,Mumbai,19.07,72.87,Landslide,High,3,6.9,1241,17097,18338,3340902,391,44268.0,84.0,44184.0,0.001898,No,No
2225,2025-03-14,2025,Q1,3,March,India,Chennai,13.08,80.27,Landslide,Low,1,6.5,4124,37919,42043,8982916,575,37357.0,87.3,37269.7,0.002337,No,No
8734,2025-04-01,2025,Q2,4,April,India,Chennai,13.08,80.27,Earthquake,Low,1,4.1,3254,13608,16862,198727,351,15943.0,47.1,15895.9,0.002954,No,No
5,2025-04-05,2025,Q2,4,April,India,Mumbai,19.07,72.87,Tsunami,Moderate,2,5.6,6367,20587,26954,7812503,469,38380.0,37.1,38342.9,0.000967,No,No
8607,2025-04-09,2025,Q2,4,April,India,Mumbai,19.07,72.87,Tsunami,High,3,5.5,1571,15426,16997,6474031,544,4709.0,73.0,4636.0,0.015502,No,No
9690,2025-04-15,2025,Q2,4,April,India,Delhi,28.61,77.21,Landslide,Low,1,6.1,1836,1161,2997,8633891,548,37081.0,60.9,37020.1,0.001642,No,No
6354,2025-04-18,2025,Q2,4,April,India,Mumbai,19.07,72.87,Drought,High,3,7.1,6793,5809,12602,2578580,347,28103.0,14.3,28088.7,0.000509,No,No
8839,2025-04-21,2025,Q2,4,April,India,Delhi,28.61,77.21,Landslide,Moderate,2,2.4,6739,11925,18664,7819466,432,33375.0,90.4,33284.6,0.002709,No,No
9750,2025-04-22,2025,Q2,4,April,India,Chennai,13.08,80.27,Heatwave,Moderate,2,2.0,3864,38873,42737,8514634,453,37894.0,2.7,37891.3,7.1e-05,No,No
6504,2025-05-02,2025,Q2,5,May,India,Delhi,28.61,77.21,Landslide,Moderate,2,9.7,4750,29081,33831,8551390,19,29048.0,75.7,28972.3,0.002606,No,No
9489,2025-05-03,2025,Q2,5,May,India,Delhi,28.61,77.21,Earthquake,Moderate,2,6.0,5099,10374,15473,2335351,521,41840.0,29.8,41810.2,0.000712,No,No
3212,2025-05-22,2025,Q2,5,May,India,Kolkata,22.57,88.36,Wildfire,High,3,8.8,1416,35929,37345,4821399,45,32215.0,93.7,32121.3,0.002909,No,No
2711,2025-06-08,2025,Q2,6,June,India,Mumbai,19.07,72.87,Wildfire,Low,1,1.3,7505,4749,12254,9954167,402,46334.0,87.8,46246.2,0.001895,No,No
8413,2025-06-09,2025,Q2,6,June,India,Delhi,28.61,77.21,Cyclone,Moderate,2,8.2,2091,26695,28786,3046700,431,25577.0,7.4,25569.6,0.000289,Yes,No
8250,2025-06-28,2025,Q2,6,June,India,Delhi,28.61,77.21,Tsunami,Extreme,4,8.8,3665,20534,24199,2583947,556,17892.0,58.8,17833.2,0.003286,Yes,No
3091,2025-07-27,2025,Q3,7,July,India,Delhi,28.61,77.21,Cyclone,Moderate,2,2.8,6520,26435,32955,6421871,110,25482.0,56.2,25425.8,0.002205,Yes,No
488,2025-08-06,2025,Q3,8,August,India,Chennai,13.08,80.27,Tsunami,Low,1,5.0,7000,21052,28052,5259696,354,11330.0,70.0,11260.0,0.006178,No,No
4682,2025-08-09,2025,Q3,8,August,India,Delhi,28.61,77.21,Flood,Low,1,2.6,7405,22017,29422,531925,552,30210.0,8.5,30201.5,0.000281,No,No
19,2025-08-13,2025,Q3,8,August,India,Chennai,13.08,80.27,Earthquake,High,3,6.9,4246,24032,28278,2803500,233,23315.0,54.6,23260.4,0.002342,No,No
4800,2025-08-27,2025,Q3,8,August,India,Mumbai,19.07,72.87,Wildfire,Moderate,2,5.6,4203,36865,41068,3561127,342,47086.0,47.7,47038.3,0.001013,No,No
212,2025-09-04,2025,Q3,9,September,India,Delhi,28.61,77.21,Earthquake,High,3,7.7,2141,1159,3300,9672771,540,30409.0,24.5,30384.5,0.000806,No,No
9367,2025-09-09,2025,Q3,9,September,India,Kolkata,22.57,88.36,Landslide,Low,1,5.5,1401,33866,35267,7937138,543,8253.0,2.5,8250.5,0.000303,No,No
2335,2025-09-16,2025,Q3,9,September,India,Chennai,13.08,80.27,Tsunami,Moderate,2,8.9,2279,32119,34398,4598963,126,33459.0,24.2,33434.8,0.000723,No,No
3685,2025-09-18,2025,Q3,9,September,India,Delhi,28.61,77.21,Drought,Low,1,3.6,5301,3173,8474,8165876,651,25142.0,2.0,25140.0,8e-05,No,No
2310,2025-10-03,2025,Q4,10,October,India,Delhi,28.61,77.21,Flood,Low,1,4.4,4921,12649,17570,4024356,270,19380.0,72.3,19307.7,0.003731,No,No
2885,2025-10-15,2025,Q4,10,October,India,Delhi,28.61,77.21,Earthquake,Moderate,2,8.2,4286,19714,24000,4759591,268,1481.0,48.5,1432.5,0.032748,No,No
4741,2025-10-27,2025,Q4,10,October,India,Chennai,13.08,80.27,Tsunami,Moderate,2,7.6,2713,14216,16929,3137247,246,10110.0,53.3,10056.7,0.005272,No,No
1787,2025-11-11,2025,Q4,11,November,India,Delhi,28.61,77.21,Heatwave,High,3,9.0,6051,12471,18522,2761945,466,25459.0,49.8,25409.2,0.001956,No,No
7563,2025-11-18,2025,Q4,11,November,India,Kolkata,22.57,88.36,Earthquake,High,3,5.6,4621,35742,40363,3226095,163,1234.0,24.1,1209.9,0.01953,No,No
5375,2025-12-05,2025,Q4,12,December,India,Kolkata,22.57,88.36,Flood,Moderate,2,1.6,2452,21665,24117,5275026,28,9319.0,7.6,9311.4,0.000816,No,No
3211,2025-12-07,2025,Q4,12,December,India,Mumbai,19.07,72.87,Flood,Extreme,4,6.2,6896,11154,18050,2908520,196,6802.0,95.8,6706.2,0.014084,No,No
7621,2025-12-10,2025,Q4,12,December,India,Delhi,28.61,77.21,Landslide,Moderate,2,1.2,7803,14131,21934,4725058,502,7964.0,20.2,7943.8,0.002536,No,No
3820,2025-12-27,2025,Q4,12,December,India,Chennai,13.08,80.27,Heatwave,Moderate,2,2.7,3237,21170,24407,2855823,111,28142.0,78.3,28063.7,0.002782,No,No
5624,2025-12-30,2025,Q4,12,December,India,Kolkata,22.57,88.36,Flood,Moderate,2,8.4,3915,798,4713,6910466,333,38461.0,44.6,38416.4,0.00116,No,No
